,Code,Name,Close,RateCode,STR_CMP_PRC,Rate,Marcap,IDX_ID
0,005930,삼성전자,200500,2,-8000,-3.84,1186887403361000,
1,000660,SK하이닉스,1013000,2,-43000,-4.07,721967495745000,
2,005380,현대차,522000,2,-23000,-4.22,106883553852000,
3,373220,LG에너지솔루션,371000,2,-12500,-3.26,86814000000000,
4,402340,SK스퀘어,611000,2,-19000,-3.02,80705227265000,
5,207940,삼성바이오로직스,1585000,2,-41000,-2.52,73371157335000,
6,012450,한화에어로스페이스,1375000,2,-15000,-1.08,70899676375000,
7,034020,두산에너빌리티,106300,2,-1000,-0.93,68091649819800,
8,000270,기아,170500,2,-4600,-2.63,66565416159000,
9,329180,HD현대중공업,567000,2,-23000,-3.9,59513014575000,
10,105560,KB금융,155700,1,1000,0.65,58052815843500,
11,028260,삼성물산,291000,2,-8000,-2.68,49463174304000,
12,068270,셀트리온,202000,2,-7500,-3.58,46671748722000,
13,032830,삼성생명,230500,2,-4500,-1.91,46100000000000,
14,055550,신한지주,96500,1,1500,1.58,45804145836500,
15,042660,한화오션,130000,2,-2900,-2.18,39833741220000,
16,012330,현대모비스,413000,2,-17000,-3.95,37472556779000,
17,006800,미래에셋증권,66700,2,-3200,-4.58,37039604413600,
18,009150,삼성전기,479500,1,15500,3.34,35815627232000,
19,035420,NAVER,220500,2,-6000,-2.65,34586006679000,
20,267260,HD현대일렉트릭,958000,2,-16000,-1.64,34533155330000,
21,010130,고려아연,1612000,2,-83000,-4.9,33647226028000,
22,006400,삼성SDI,402500,2,-2500,-0.62,32435675825000,
23,086790,하나금융지주,113200,2,-1300,-1.14,31506482144800,
24,015760,한국전력,48300,2,-1650,-3.3,31006864919100,
25,009540,HD한국조선해양,413500,2,-11500,-2.71,29264683466000,
26,042700,한미반도체,307000,2,-4000,-1.29,29260845400000,
27,005490,POSCO홀딩스,338000,2,-11500,-3.29,27355337776000,
28,272210,한화시스템,141000,1,1200,0.86,26637633849000,
29,010120,LS ELECTRIC,873000,1,40000,4.8,26190000000000,
30,298040,효성중공업,2693000,2,-38000,-1.39,25111007764000,
31,316140,우리금융지주,33600,1,100,0.3,24664964352000,
32,010140,삼성중공업,28500,2,-600,-2.06,25080000000000,
33,034730,SK,346000,2,-6500,-1.84,25085935238000,
34,000810,삼성화재,478500,2,-15500,-3.14,22016337667500,
35,035720,카카오,50000,2,-1500,-2.91,22138321400000,
36,051910,LG화학,303500,2,-16500,-5.16,21424776100500,
37,267250,HD현대,261000,2,-14500,-5.26,20617195185000,
38,064350,현대로템,186300,2,-6700,-3.47,20333209185900,
39,011200,HMM,20850,2,-250,-1.18,19666511674500,
40,096770,SK이노베이션,110300,2,-4000,-3.5,18646522516400,
41,138040,메리츠금융지주,110900,2,-4900,-4.23,18742241175700,
42,000720,현대건설,169500,2,-600,-0.35,18874802167500,
43,024110,기업은행,23700,2,-150,-0.63,18898993095300,
44,066570,LG전자,116200,2,-3800,-3.17,18927398169400,
45,000150,두산,1149000,2,-40000,-3.36,18606716415000,
46,047810,한국항공우주,190400,2,-3900,-2.01,18559260372800,
47,033780,KT&G,157000,2,-1700,-1.07,18004233265000,
48,003670,포스코퓨처엠,198000,2,-2500,-1.25,17611351560000,
49,086280,현대글로비스,230500,2,-6000,-2.54,17287500000000,
50,017670,SK텔레콤,78200,2,-3000,-3.69,16796582144600,
51,079550,LIG넥스원,702000,1,13000,1.89,15444000000000,
52,352820,하이브,354500,2,-13000,-3.54,15267551407000,
53,030200,KT,59300,2,-1100,-1.82,14944885920500,
54,003550,LG,90500,2,-2700,-2.9,13957053442500,
55,278470,에이피알,369000,1,7000,1.93,13814679195000,
56,0126Z0,삼성에피스홀딩스,532000,2,-6000,-1.12,13237782068000,
57,005830,DB손해보험,184500,2,-5300,-2.79,12801348000000,
58,071050,한국금융지주,229000,2,-12000,-4.98,12761252168000,
59,047050,포스코인터내셔널,71800,1,200,0.28,12631256178400,
60,010950,S-Oil,111200,1,600,0.54,12519206470400,
61,018260,삼성에스디에스,161500,2,-5600,-3.35,12496514700000,
62,323410,카카오뱅크,24650,1,150,0.61,11759133047050,
63,005940,NH투자증권,33400,2,-800,-2.34,11901901924600,
64,039490,키움증권,449000,2,-20000,-4.26,12173354003000,
65,307950,현대오토에버,426000,2,-8000,-1.84,11682616332000,
66,259960,크래프톤,232000,2,-2000,-0.85,10997865112000,
67,007660,이수페타시스,129500,1,4400,3.52,9506493860500,
68,006260,LS,290500,1,8500,3.01,9063600000000,
69,000880,한화,121600,2,-4000,-3.18,9114982176000,
70,003490,대한항공,24550,2,-950,-3.73,9039817227550,
71,180640,한진칼,128000,1,5900,4.83,8545571712000,
72,009830,한화솔루션,49750,2,-1050,-2.07,8551653666000,
73,016360,삼성증권,98600,2,-2900,-2.86,8804980000000,
74,003230,삼양식품,1100000,2,-7000,-0.63,8286316500000,
75,377300,카카오페이,60200,2,-800,-1.31,8140499609200,
76,326030,SK바이오팜,97500,2,-1300,-1.32,7635541875000,
77,000100,유한양행,98700,2,-1500,-1.5,7861218218700,
78,090430,아모레퍼시픽,134700,2,-900,-0.66,7878974637300,
79,443060,HD현대마린솔루션,178200,2,-5200,-2.84,7988943897000,
80,161390,한국타이어앤테크놀로지,57000,2,-900,-1.55,7060878933000,
81,047040,대우건설,16170,1,1300,8.74,6720618056460,
82,011070,LG이노텍,286000,1,17500,6.52,6768792602000,
83,032640,LG유플러스,15620,1,160,1.03,6713918905100,
84,029780,삼성카드,59800,2,-300,-0.5,6928361681800,
85,267270,HD건설기계,131700,1,4100,3.21,6318191340600,
86,128940,한미약품,519000,2,-12000,-2.26,6648904329000,
87,028050,삼성E&A,32600,2,-700,-2.1,6389600000000,
88,064400,LG씨엔에스,64900,2,-1900,-2.84,6287898025200,
89,052690,한전기술,168000,2,-4300,-2.5,6420960000000,
90,454910,두산로보틱스,89200,2,-1200,-1.33,5781942216000,
91,078930,GS,65400,2,-1100,-1.65,6076665721200,
92,034220,LG디스플레이,11720,2,-430,-3.54,5860000000000,
93,241560,두산밥캣,61800,1,800,1.31,5923904817000,
94,138930,BNK금융지주,18480,2,-280,-1.49,5734843569840,
95,175330,JB금융지주,30200,2,-350,-1.15,5685258236800,
96,001440,대한전선,30100,2,-700,-2.27,5612063730000,
97,001040,CJ,197000,2,-3000,-1.5,5747868606000,
98,088980,맥쿼리인프라,11440,1,60,0.53,5478867599920,
99,021240,코웨이,73000,2,-2000,-2.67,5166022098000,
100,271560,오리온,130600,2,-3400,-2.54,5163418839200,
101,489790,한화비전,87200,1,3300,3.93,4402587608000,
102,036570,엔씨소프트,221000,2,-9000,-3.91,4761228862000,
103,004020,현대제철,35850,2,-1400,-3.76,4784031392250,
104,022100,포스코DX,31750,2,-500,-1.55,4827102645750,
105,002380,KCC,534000,2,-24000,-4.3,4745375514000,
106,062040,산일전기,151700,2,-3200,-2.07,4633706840000,
107,251270,넷마블,51000,2,-2700,-5.03,4179978921000,
108,450080,에코프로머티,60700,2,-2100,-3.34,4282916367800,
109,088350,한화생명,4930,2,-320,-6.1,4281852900000,
110,031210,서울보증보험,56500,2,-800,-1.4,3944920287000,
111,066970,엘앤에프,108300,2,-3000,-2.7,4361620699800,
112,082740,한화엔진,48550,2,-900,-1.82,4051358744100,
113,018880,한온시스템,4110,2,-290,-6.59,4217939088720,
114,103590,일진전기,82100,2,-200,-0.24,3914970519000,
115,353200,대덕전자,77300,1,2500,3.34,3819928302500,
116,439260,대한조선,94900,2,-800,-0.84,3656147008800,
117,111770,영원무역,81300,2,-6500,-7.4,3602522348400,
118,035250,강원랜드,17850,2,-250,-1.38,3818837925000,
119,051900,LG생활건강,243000,2,-2500,-1.02,3718497537000,
120,000990,DB하이텍,87900,3,0,0.0,3824053285200,
121,011790,SKC,99100,1,300,0.3,3752748331800,
122,012510,더존비즈온,119100,3,0,0.0,3620023062000,
123,010060,OCI홀딩스,198200,1,4600,2.38,3700439982400,
124,011170,롯데케미칼,82400,1,400,0.49,3524694525600,
125,011780,금호석유화학,134200,2,-2100,-1.54,3493459776400,
126,302440,SK바이오사이언스,41950,2,-1550,-3.56,3290335706950,
127,336260,두산퓨얼셀,45900,2,-300,-0.65,3006162023400,
128,085620,미래에셋생명,17880,2,-400,-2.19,3165049459320,
129,097950,CJ제일제당,200000,2,-3500,-1.72,3010837200000,
130,036460,한국가스공사,36250,2,-350,-0.96,3346346250000,
131,012750,에스원,87800,1,200,0.23,3336327828400,
132,001720,신영증권,207000,2,-1500,-0.72,3403080000000,
133,017800,현대엘리베이터,87400,2,-1100,-1.24,3416674449000,
134,023530,롯데쇼핑,107500,1,2100,1.99,3041041162500,
135,005850,에스엘,64500,2,-3700,-5.43,2995929540000,
136,004170,신세계,335500,2,-10000,-2.89,3235958225500,
137,004990,롯데지주,30700,2,-800,-2.54,3220713575900,
138,014680,한솔케미칼,283500,2,-8000,-2.74,3223450282500,
139,457190,이수스페셜티케미컬,92300,2,-2900,-3.05,2789201885600,
140,001450,현대해상,30300,2,-1300,-4.11,2708820000000,
141,103140,풍산,99900,2,-2500,-2.44,2799625372200,
142,112610,씨에스윈드,64900,1,5800,9.81,2736924054700,
143,139130,iM금융지주,16800,2,-190,-1.12,2698492994400,
144,139480,이마트,94400,2,-1900,-1.97,2605045313600,
145,051600,한전KPS,61400,1,1100,1.82,2763000000000,
146,071970,HD현대마린엔진,77600,2,-3100,-3.84,2632308012000,
147,026960,동서,25650,2,-500,-1.91,2557305000000,
148,028670,팬오션,5050,2,-140,-2.7,2699576035600,
149,008930,한미사이언스,37600,2,-800,-2.08,2571522280000,
150,009420,한올바이오파마,55500,2,-1900,-3.31,2899355409000,
151,009970,영원무역홀딩스,221500,2,-16000,-6.74,2990080995500,
152,003690,코리안리,13100,2,-280,-2.09,2552155506100,
153,000120,CJ대한통운,112800,2,-5100,-4.33,2573232403200,
154,279570,케이뱅크,6710,2,-240,-3.45,2722214463210,
155,204320,HL만도,53000,2,-1400,-2.57,2488727360000,
156,001430,세아베스틸지주,65100,2,-2900,-4.26,2334623946900,
157,383220,F&F,60100,2,-2000,-3.22,2302255207500,
158,097230,HJ중공업,27800,1,200,0.72,2510210563200,
159,081660,미스토홀딩스,44450,2,-4300,-8.82,2359932288000,
160,017960,한국카본,48350,2,-400,-0.82,2509773654200,
161,018670,SK가스,249000,1,18000,7.79,2302065756000,
162,023590,다우기술,48950,2,-1650,-3.26,2196220902150,
163,030000,제일기획,20950,1,50,0.24,2410113663750,
164,006360,GS건설,25950,1,300,1.17,2220839665500,
165,007340,DN오토모티브,39600,1,1650,4.35,2317030254000,
166,011210,현대위아,84200,2,-3400,-3.88,2289825988600,
167,004370,농심,371000,2,-7500,-1.98,2256660182000,
168,004800,효성,145000,2,-3000,-2.03,2427359015000,
169,005440,현대지에프홀딩스,14960,2,-460,-2.98,2332328342960,
170,000240,한국앤컴퍼니,26600,2,-400,-1.48,2525277384000,
171,282330,BGF리테일,120700,2,-700,-0.58,2086167454200,
172,462870,시프트업,30150,2,-700,-2.27,1778377851000,
173,001120,LX인터내셔널,44500,1,1450,3.37,1724820000000,
174,483650,달바글로벌,154900,2,-1500,-0.96,1919623808500,
175,192820,코스맥스,179200,1,3300,1.88,2033832012800,
176,298020,효성티앤씨,388500,2,-6000,-1.52,1681304457000,
177,361610,SK아이이테크놀로지,21750,2,-900,-3.97,1778869425000,
178,375500,DL이앤씨,51900,1,300,0.58,2008199033700,
179,120110,코오롱인더,70500,2,-500,-0.7,1940095915500,
180,161890,한국콜마,69800,2,-500,-0.71,1647634374600,
181,034230,파라다이스,18890,1,930,5.18,1747522891640,
182,069620,대웅제약,160000,2,-2200,-1.36,1853852000000,
183,069960,현대백화점,86000,2,-2700,-3.04,1946077918000,
184,073240,금호타이어,6030,2,-240,-3.83,1732179530610,
185,020150,롯데에너지머티리얼즈,37550,2,-1550,-3.96,1966323135650,
186,032350,롯데관광개발,20950,1,100,0.48,1667650880300,
187,006040,동원산업,39050,2,-1300,-3.22,1723978853300,
188,006280,녹십자,145200,2,-5700,-3.78,1696885317600,
189,007070,GS리테일,19950,1,100,0.5,1667967929250,
190,008770,호텔신라,43300,2,-1050,-2.37,1699443639300,
191,002790,아모레퍼시픽홀딩스,26950,2,-800,-2.88,2060547951000,
192,003540,대신증권,39650,2,-1050,-2.58,2013165310000,
193,395400,SK리츠,6110,2,-20,-0.33,1839217658200,
194,000500,가온전선,111200,1,1500,1.37,1839594388000,
195,475150,SK이터닉스,53700,1,11100,26.06,1812592055400,
196,229640,LS에코에너지,44000,2,-1050,-2.33,1347494676000,
197,001740,SK네트웍스,5490,2,-110,-1.96,1214815681980,
198,300720,한일시멘트,16570,2,-230,-1.37,1218644113130,
199,322000,HD현대에너지솔루션,136300,1,4600,3.49,1526560000000,
200,100090,SK오션플랜트,19680,1,740,3.91,1229569578720,
201,181710,NHN,38300,2,-850,-2.17,1254445223700,
202,185750,종근당,86700,2,-1300,-1.48,1196701026000,
203,077970,STX엔진,34100,2,-650,-1.87,1369048948300,
204,082640,동양생명,8810,1,160,1.85,1421569133850,
205,012630,HDC,25050,3,0,0.0,1496530111050,
206,020560,아시아나항공,7020,2,-210,-2.9,1446054791220,
207,030610,교보증권,12810,2,-240,-1.84,1459865530410,
208,007310,오뚜기,368500,2,-5000,-1.34,1476885355000,
209,007810,코리아써키트,62100,1,1900,3.16,1489320950400,
210,001800,오리온홀딩스,24750,2,-50,-0.2,1550474194500,
211,003090,대웅,23650,2,-550,-2.27,1375057827000,
212,003240,태광산업,1146000,2,-44000,-3.7,1275956400000,
213,003530,한화투자증권,7380,2,-160,-2.12,1583362579500,
214,003570,SNT다이내믹스,48050,2,-950,-1.94,1597792090850,
215,004000,롯데정밀화학,54200,2,-500,-0.91,1398360000000,
216,005070,코스모신소재,48850,2,-2050,-4.03,1588150430600,
217,415640,KB발해인프라,9940,2,-20,-0.2,1218102747120,
218,330590,롯데리츠,4810,1,20,0.42,1389940332040,
219,000080,하이트진로,16600,2,-390,-2.3,1164217942600,
220,294870,HDC현대산업개발,21550,2,-550,-2.49,1420302961500,
221,456040,OCI,95600,2,-200,-0.21,855858522000,
222,001680,대상,20300,2,-400,-1.93,703354907500,
223,499790,GS피앤엘,49750,2,-650,-1.29,986584339750,
224,195870,해성디에스,56000,2,-1500,-2.61,952000000000,
225,214320,이노션,19570,2,-60,-0.31,782800000000,
226,248070,솔루엠,17740,2,-250,-1.39,848260026640,
227,249420,일동제약,31400,2,-1450,-4.41,993441112800,
228,280360,롯데웰푸드,111200,2,-3700,-3.22,1034668628800,
229,281820,케이씨텍,50800,2,-400,-0.78,1051068408400,
230,285130,SK케미칼,57100,2,-2400,-4.03,987759538600,
231,298050,HS효성첨단소재,221000,2,-7000,-3.07,990068508000,
232,317450,명인제약,58400,2,-1100,-1.85,852640000000,
233,381970,케이카,14330,2,-60,-0.42,699602751840,
234,089860,롯데렌탈,31650,2,-450,-1.4,1149192130200,
235,093370,후성,7000,2,-220,-3.05,750787310000,
236,100840,SNT에너지,41550,2,-500,-1.19,859286533650,
237,108320,LX세미콘,50900,2,-800,-1.55,827852870000,
238,114090,GKL,12010,2,-240,-1.96,742886596700,
239,137310,에스디바이오센서,8000,2,-70,-0.87,973992816000,
240,192080,더블유게임즈,50300,2,-1200,-2.33,1065025440400,
241,192400,쿠쿠홀딩스,28500,2,-500,-1.72,1013522272500,
242,033240,자화전자,39150,2,-150,-0.38,851772299400,
243,036530,SNT홀딩스,64200,1,3500,5.77,1046709481200,
244,057050,현대홈쇼핑,83000,2,-1100,-1.31,996000000000,
245,064960,SNT모티브,32250,2,-900,-2.71,855923772000,
246,069260,TKG휴켐스,18780,2,-620,-3.2,767699882640,
247,071320,지역난방공사,89700,2,-900,-0.99,1038613336800,
248,075580,세진중공업,16940,2,-370,-2.14,963029784640,
249,079160,CJ CGV,4820,2,-135,-2.72,798107004120,
250,079900,전진건설로봇,52800,2,-1700,-3.12,770486376000,
251,014820,동원시스템즈,25200,2,-600,-2.33,730580306400,
252,025540,한국단자,74300,2,-1100,-1.46,751544500000,
253,030190,NICE평가정보,16180,2,-670,-3.98,953188506860,
254,005690,파미셀,15930,2,-750,-4.5,956070236520,
255,005880,대한해운,2235,2,-35,-1.54,721340304900,
256,006120,SK디스커버리,60300,2,-1200,-1.95,1050049185300,
257,006650,대한유화,134000,2,-9000,-6.29,871000000000,
258,007700,F&F홀딩스,18370,1,140,0.77,718530921790,
259,009240,한샘,42700,2,-750,-1.73,1004898725600,
260,009450,경동나비엔,66800,1,2900,4.54,973181945600,
261,010780,아이에스동서,30900,2,-1500,-4.63,932777558400,
262,002350,넥센타이어,7230,2,-240,-3.21,706138750710,
263,003030,세아제강지주,176800,1,7000,4.12,732244957600,
264,003160,디아이,38450,1,1200,3.22,1088135000000,
265,003280,흥아해운,3050,1,135,4.63,733295941950,
266,003470,유안타증권,5050,2,-100,-1.94,1007962708800,
267,003620,KG모빌리티,3480,2,-115,-3.2,704264693760,
268,003850,보령,9300,2,-120,-1.27,797821025100,
269,004490,세방전지,60400,2,-1500,-2.42,837144000000,
270,005090,SGC에너지,52200,2,-700,-1.32,752167182600,
271,005180,빙그레,74800,2,-1000,-1.32,714766584400,
272,005300,롯데칠성,117100,2,-4200,-3.46,1086557316400,
273,293940,신한알파리츠,5910,1,10,0.17,714756126930,
274,365550,ESR켄달스퀘어리츠,4290,2,-20,-0.46,1055721810000,
275,451800,한화리츠,5140,3,0,0.0,923144000000,
276,000210,DL,51300,1,1450,2.91,1075036849200,
277,000370,한화손해보험,6830,2,-330,-4.61,797326789450,
278,000670,영풍,55500,2,-2000,-3.48,1003326225000,
279,001060,JW중외제약,31000,2,-400,-1.27,721863830000,
280,001270,부국증권,77100,2,-2400,-3.02,799518210600,
281,001500,현대차증권,11220,2,-380,-3.28,693766753680,
282,001510,SK증권,2180,1,300,15.96,1030246572780,
283,484870,엠앤씨솔루션,117100,2,-6600,-5.34,1071921690000,
284,460860,동국제강,9280,2,-320,-3.33,460362397760,
285,475560,더본코리아,21250,2,-350,-1.62,315094362500,
286,192650,드림텍,7180,1,80,1.13,495234748820,
287,194370,제이에스코퍼레이션,11860,2,-290,-2.39,344138749880,
288,200880,서연이화,13610,2,-490,-3.48,367857027570,
289,210980,SK디앤디,13200,1,140,1.07,245749442400,
290,217590,티엠씨,19580,1,520,2.73,471764925500,
291,241590,화승엔터프라이즈,4735,2,-70,-1.46,286890221860,
292,244920,에이플러스에셋,11760,2,-400,-3.29,265866469680,
293,268280,미원에스씨,121500,2,-4700,-3.72,607500000000,
294,271940,일진하이솔루스,16400,2,-400,-2.38,595536316000,
295,272450,진에어,6220,2,-250,-3.86,324684000000,
296,284740,쿠쿠홈시스,25150,2,-50,-0.2,564298849500,
297,286940,롯데이노베이트,23250,2,-400,-1.69,351757782750,
298,306200,세아제강,138900,1,600,0.43,393962070000,
299,336370,솔루스첨단소재,8180,2,-220,-2.62,574377873920,
300,344820,KCC글라스,25750,2,-400,-1.53,411240684000,
301,377740,바이오노트,5340,2,-60,-1.11,544979296320,
302,383800,LX홀딩스,8190,2,-100,-1.21,624738851100,
303,403550,쏘카,10880,2,-220,-1.98,357319893760,
304,452260,한화갤러리아,2615,2,-95,-3.51,506942880150,
305,453340,현대그린푸드,15870,2,-130,-0.81,515805406920,
306,084690,대상홀딩스,9480,2,-160,-1.66,343294860240,
307,089590,제주항공,5010,2,-150,-2.91,404011334850,
308,090460,비에이치,19880,1,380,1.95,670185375440,
309,091810,티웨이항공,1081,2,-40,-3.57,363198741835,
310,092200,디아이씨,9170,3,0,0.0,356608177730,
311,092220,KEC,1325,2,-96,-6.76,266011161825,
312,092230,KPX홀딩스,80300,2,-200,-0.25,339239073800,
313,092790,넥스틸,12030,1,30,0.25,312804060000,
314,093050,LF,21600,1,50,0.23,631584000000,
315,096760,JW홀딩스,4285,1,15,0.35,316768376470,
316,097520,엠씨넥스,23400,2,-650,-2.7,407195100000,
317,104700,한국철강,9530,1,130,1.38,347368500000,
318,105630,한세실업,12140,2,-120,-0.98,485600000000,
319,105840,우진,26150,2,-1000,-3.68,528169070500,
320,108670,LX하우시스,28900,2,-300,-1.03,259165663000,
321,117580,대성에너지,10890,1,1120,11.46,299475000000,
322,122900,아이마켓코리아,7550,2,-100,-1.31,252387742000,
323,123890,한국자산신탁,2875,3,0,0.0,351825037250,
324,126560,현대퓨처넷,3190,2,-45,-1.39,351547394550,
325,126720,수산인더스트리,28000,2,-600,-2.1,400008000000,
326,128820,대성산업,7410,1,50,0.68,335194891980,
327,130660,한전산업,20400,2,-900,-4.23,665040000000,
328,134380,미원화학,111000,3,0,0.0,244118748000,
329,136490,선진,10500,1,60,0.57,249685842000,
330,138490,코오롱ENP,13210,1,100,0.76,501980000000,
331,145720,덴티움,51900,2,-1500,-2.81,532174815000,
332,145990,삼양사,46250,2,-1100,-2.32,476997016250,
333,161000,애경케미칼,9550,2,-230,-2.35,464595170950,
334,170900,동아에스티,43250,2,-750,-1.7,404502155750,
335,178920,PI첨단소재,23100,1,250,1.09,678362038200,
336,183190,아세아시멘트,11990,2,-160,-1.32,442762619420,
337,033270,유나이티드제약,19810,2,-340,-1.69,323573013820,
338,033920,무학,9050,2,-110,-1.2,257925000000,
339,034120,SBS,16920,2,-30,-0.18,313886946960,
340,034310,NICE,14470,2,-110,-0.75,531876061790,
341,034830,한국토지신탁,1697,1,139,8.92,428474223310,
342,035150,백산,13450,2,-380,-2.75,273171557850,
343,035510,신세계 I&C,23200,2,-750,-3.13,324356880000,
344,037270,YG PLUS,6070,2,-190,-3.04,386435077700,
345,037710,광주신세계,39000,2,-400,-1.02,310330410000,
346,039130,하나투어,41550,2,-950,-2.24,643606674600,
347,044450,KSS해운,10540,2,-50,-0.47,243325175200,
348,053210,스카이라이프,5150,3,0,0.0,244743218250,
349,053690,한미글로벌,23150,1,1950,9.2,253667282500,
350,058430,포스코스틸리온,44400,2,-600,-1.33,266400000000,
351,058650,세아홀딩스,156300,2,-3200,-2.01,674158786800,
352,060980,HL홀딩스,44800,2,-850,-1.86,406732345600,
353,072710,농심홀딩스,95400,1,200,0.21,442445166000,
354,078520,에이블씨엔씨,12820,1,200,1.58,333501544020,
355,084010,대한제강,11480,2,-420,-3.53,394585922080,
356,011930,신성이엔지,3080,1,90,3.01,634012305080,
357,012030,DB,1739,2,-52,-2.9,349841469487,
358,0120G0,삼양바이오팜,87900,2,-4800,-5.18,653612973000,
359,013580,계룡건설,25800,1,200,0.78,230417400600,
360,013890,지누스,11500,2,-520,-4.33,255927624000,
361,014830,유니드,83600,2,-100,-0.12,565771360000,
362,015360,INVENI,79000,1,900,1.15,450300000000,
363,015860,일진홀딩스,7280,2,-330,-4.34,359249676240,
364,016380,KG스틸,5650,2,-70,-1.22,565050268050,
365,016590,신대양제지,12470,2,-430,-3.33,502513815400,
366,016610,DB증권,13740,2,-290,-2.07,583213384860,
367,016800,퍼시스,37100,2,-950,-2.5,426650000000,
368,017390,서울가스,68200,1,1000,1.49,341000000000,
369,017810,풀무원,11730,2,-240,-2.01,447153957660,
370,017860,DS단석,19930,1,580,3.0,350453345160,
371,017940,E1,99700,1,900,0.91,683942000000,
372,018250,애경산업,14320,2,-240,-1.65,378190269200,
373,019170,신풍제약,10750,2,-260,-2.36,569588642500,
374,020000,한섬,25300,1,300,1.2,567674999100,
375,024720,콜마홀딩스,9030,2,-140,-1.53,309695218770,
376,025860,남해화학,8520,1,430,5.32,423263742360,
377,026890,스틱인베스트먼트,9980,2,-230,-2.25,415948186500,
378,027410,BGF,4265,2,-10,-0.23,408232113615,
379,028100,동아지질,17800,2,-360,-1.98,238333135600,
380,029460,케이씨,32550,2,-250,-0.76,418923284850,
381,029530,신도리코,55100,1,400,0.73,535336667900,
382,030210,다올투자증권,4210,2,-90,-2.09,256435756260,
383,031430,신세계인터내셔날,12160,2,-350,-2.8,429770880000,
384,005500,삼진제약,18230,2,-310,-1.67,242823600000,
385,005610,SPC삼립,51300,2,-1000,-1.91,442668161700,
386,005680,삼영전자,15400,1,840,5.77,308000000000,
387,005720,넥센,6700,2,-120,-1.76,358744645900,
388,005810,풍산홀딩스,37850,2,-500,-1.3,545694502200,
389,006110,삼아알미늄,34500,1,1200,3.6,521759197500,
390,006220,제주은행,13520,2,-220,-1.6,511036490640,
391,006340,대원전선,6520,3,0,0.0,511261992320,
392,006380,카프로,3660,0,0,0.0,618539985360,
393,007160,사조산업,50900,2,-900,-1.74,254500000000,
394,007570,일양약품,13050,0,0,0.0,249067915200,
395,007690,국도화학,36450,2,-750,-2.02,337557326400,
396,008060,대덕,13520,1,160,1.2,458194828000,
397,008490,서흥,20150,2,-300,-1.47,233117626950,
398,008730,율촌화학,24150,2,-900,-3.59,598920000000,
399,009160,SIMPAC,4700,2,-135,-2.79,307243549600,
400,009290,광동제약,8960,2,-80,-0.88,446206279680,
401,009410,태영건설,1845,2,-9,-0.49,549053693910,
402,009470,삼화전기,39300,2,-1800,-4.38,259923126000,
403,009680,모토닉,10880,2,-120,-1.09,305184000000,
404,009900,명신산업,10250,2,-270,-2.57,537818863250,
405,010690,화신,11960,2,-650,-5.15,417648103600,
406,010820,퍼스텍,7470,2,-80,-1.06,364326376860,
407,011500,한농화성,20750,2,-950,-4.38,324468621500,
408,011690,와이투솔루션,6310,2,-160,-2.47,231415426140,
409,011760,현대코퍼레이션,25950,1,200,0.78,343291667700,
410,001790,대한제당,2755,1,15,0.55,247114077900,
411,001820,삼화콘덴서,60300,2,-1200,-1.95,626818500000,
412,001940,KISCO홀딩스,24900,1,300,1.22,352991862000,
413,002020,코오롱,53300,2,-2600,-4.65,687979344000,
414,002030,아세아,276500,2,-5500,-1.95,573086619000,
415,002240,고려제강,21350,2,-600,-2.73,576450000000,
416,002310,아세아제지,8880,1,10,0.11,359484688800,
417,002320,한진,19110,2,-210,-1.09,296560751760,
418,002710,TCC스틸,13390,2,-620,-4.43,351001402830,
419,002810,삼영무역,20100,1,170,0.85,371185654800,
420,002840,미원상사,135600,2,-3700,-2.66,644100000000,
421,002900,TYM,6800,2,-90,-1.31,281520000000,
422,002960,한국쉘석유,498000,2,-33000,-6.21,647400000000,
423,003000,부광약품,6100,2,-180,-2.87,601854493100,
424,003070,코오롱글로벌,10490,1,190,1.84,266697329910,
425,003120,일성아이에스,23600,2,-600,-2.48,313880000000,
426,003200,일신방직,12330,2,-180,-1.44,283096800000,
427,003300,한일홀딩스,18050,1,260,1.46,556533556200,
428,003520,영진약품,1772,2,-29,-1.61,324085919332,
429,003720,삼영,7210,2,-340,-4.5,245140000000,
430,003920,남양유업,54700,2,-600,-1.08,328200000000,
431,003960,사조대림,33100,2,-300,-0.9,303343857700,
432,004090,한국석유,18680,1,1010,5.72,237126161600,
433,004310,현대약품,9200,2,-110,-1.18,294400000000,
434,004360,세방,14460,2,-170,-1.16,276411619380,
435,004560,현대비앤지스틸,16770,2,-520,-3.01,252871660470,
436,004690,삼천리,146000,1,2600,1.81,592033650000,
437,004700,조광피혁,69900,2,-800,-1.13,464774746200,
438,005010,휴스틸,5240,1,120,2.34,294425513000,
439,005250,녹십자홀딩스,13780,2,-310,-2.2,648048733800,
440,005420,코스모화학,14430,2,-610,-4.06,554230730040,
441,0030R0,대신밸류리츠,4325,2,-20,-0.46,258548500000,
442,088260,이리츠코크렙,4875,2,-10,-0.2,308790251250,
443,334890,이지스밸류플러스리츠,4210,2,-25,-0.59,292378955430,
444,348950,제이알글로벌리츠,1505,2,-22,-1.44,297050880000,
445,357120,코람코라이프인프라리츠,4640,3,0,0.0,451636042560,
446,377190,디앤디플랫폼리츠,3150,2,-5,-0.16,278460000000,
447,404990,신한서부티엔디리츠,4495,2,-10,-0.22,265673864460,
448,417310,코람코더원리츠,9380,1,110,1.19,378952000000,
449,432320,KB스타리츠,2555,2,-25,-0.97,259113498175,
450,448730,삼성FN리츠,5520,1,40,0.73,502596000000,
451,000050,경방,9190,2,-170,-1.82,251946331300,
452,000070,삼양홀딩스,69500,2,-2000,-2.8,539541774500,
453,000320,노루홀딩스,23250,1,50,0.22,309019260750,
454,000390,삼화페인트,10550,2,-390,-3.56,286996597950,
455,000400,롯데손해보험,2050,2,-35,-1.68,636189456000,
456,000430,대원강업,3890,2,-70,-1.77,241180000000,
457,000480,CR홀딩스,4950,2,-20,-0.4,232107925500,
458,000490,대동,9880,2,-240,-2.37,284809426200,
459,000540,흥국화재,4670,2,-260,-5.27,300013152150,
460,000640,동아쏘시오홀딩스,102100,2,-1800,-1.73,667369911400,
461,000650,천일고속,237500,2,-6500,-2.66,339439750000,
462,000680,LS네트웍스,3195,2,-125,-3.77,251775636120,
463,001130,대한제분,149000,2,-900,-0.6,251810000000,
464,001200,유진투자증권,4970,2,-170,-3.31,481426097460,
465,001230,동국홀딩스,10070,1,40,0.4,320230863810,
466,001340,PKC,6550,2,-200,-2.96,294215565850,
467,001390,KG케미칼,5180,2,-120,-2.26,348267095400,
468,001460,BYC,46100,1,1650,3.71,287947515000,
469,001530,DI동일,21950,2,-900,-3.94,433057696000,
470,001570,금양,9900,0,0,0.0,633275240400,
471,001630,종근당홀딩스,48600,2,-450,-0.92,243479244600,
472,001750,한양증권,26000,2,-400,-1.52,330941884000,
473,140910,에이리츠,3130,0,0,0.0,13969290160,
474,145270,케이탑리츠,898,3,0,0.0,43158575052,
475,204210,스타에스엠리츠,2035,0,0,0.0,15927568525,
476,338100,NH프라임리츠,4620,2,-40,-0.86,86209200000,
477,350520,이지스레지던스리츠,3725,3,0,0.0,137326602450,
478,357250,미래에셋맵스리츠,2440,2,-5,-0.2,60988056200,
479,357430,마스턴프리미어리츠,1484,3,0,0.0,45269875588,
480,396690,미래에셋글로벌리츠,2495,2,-10,-0.4,98816820300,
481,400760,NH올원리츠,3270,2,-15,-0.46,179618729250,
482,481850,신한글로벌액티브리츠,1101,2,-23,-2.05,47868908064,
483,000020,동화약품,5990,2,-70,-1.16,167309505300,
484,000040,KR모터스,379,2,-3,-0.79,32736194736,
485,000140,하이트진로홀딩스,9070,2,-70,-0.77,210485358550,
486,000180,성창기업지주,1509,2,-20,-1.31,105255164400,
487,000220,유유제약,4240,2,-65,-1.51,72217168240,
488,000230,일동홀딩스,10370,2,-370,-3.45,119673948000,
489,000300,DH오토넥스,4200,0,0,0.0,174035631000,
490,000520,삼일제약,9880,2,-70,-0.7,214315092680,
491,000590,CS홀딩스,78900,1,900,1.15,91088629800,
492,000700,유수홀딩스,6770,1,20,0.3,176303067240,
493,000760,이화산업,14950,2,-540,-3.49,41860000000,
494,000850,화천기공,37550,2,-700,-1.83,82610000000,
495,000860,강남제비스코,15250,2,-360,-2.31,198250000000,
496,000890,보해양조,420,2,-7,-1.64,58010454180,
497,000910,유니온,4395,1,15,0.34,68613065505,
498,000950,전방,36000,2,-200,-0.55,60480000000,
499,000970,한국주철관,6740,2,-10,-0.15,153675370000,
500,001020,페이퍼코리아,625,2,-21,-3.25,111239570625,
501,001070,대한방직,6640,2,-50,-0.75,35192000000,
502,001080,만호제강,4915,2,-25,-0.51,203972500000,
503,001210,금호전기,794,2,-1,-0.13,49003329760,
504,001250,GS글로벌,2540,2,-15,-0.59,209635760560,
505,001260,남광토건,8880,2,-150,-1.66,87313239360,
506,001290,상상인증권,1263,1,12,0.96,136829782560,
507,001360,삼성제약,1839,2,-52,-2.75,173164063281,
508,001380,SG글로벌,1409,1,12,0.86,63354477487,
509,001420,태원물산,2690,2,-65,-2.36,20444000000,
510,001470,삼부토건,347,0,0,0.0,79699592928,
511,001520,동양,819,2,-4,-0.49,195482247597,
512,001550,조비,16530,1,540,3.38,85827710670,
513,001560,제일연마,11420,2,-330,-2.81,111916000000,
514,001620,케이비아이동국실업,625,2,-20,-3.1,69558144375,
515,001770,SHD,17400,2,-250,-1.42,21138877200,
516,001780,알루코,2065,2,-45,-2.13,199954222580,
517,002070,비비안,367,2,-7,-1.87,16586960259,
518,002100,경농,9580,1,10,0.1,187026268500,
519,002140,고려산업,2755,1,45,1.66,68708115875,
520,002150,도화엔지니어링,6360,3,0,0.0,214459200000,
521,002170,삼양통상,59900,1,900,1.53,179700000000,
522,002200,한국수출포장,3030,2,-35,-1.14,121200000000,
523,002210,동성제약,973,0,0,0.0,25900780311,
524,002220,한일철강,3835,2,-110,-2.79,102384759100,
525,002360,SH에너지화학,444,1,57,14.73,49343376120,
526,002390,한독,10700,2,-190,-1.74,147269803100,
527,002410,범양건영,1935,0,0,0.0,53173451700,
528,002420,세기상사,5850,1,170,2.99,34924195800,
529,002450,삼익악기,1238,1,35,2.91,112077272770,
530,002460,HS화성,12680,2,-160,-1.25,128702000000,
531,002600,조흥,147800,1,900,0.61,88680000000,
532,002620,제일파마홀딩스,9020,1,50,0.56,144079662100,
533,002630,오리엔트바이오,529,2,-15,-2.76,62730409645,
534,002690,동일제강,1570,1,70,4.67,31871565200,
535,002700,신일전자,1362,2,-1,-0.07,95404723602,
536,002720,국제약품,4935,2,-115,-2.28,104423770920,
537,002760,보락,1195,2,-26,-2.13,71580500000,
538,002780,진흥기업,1045,4,241,29.98,152017973525,
539,002820,SUN&L,2350,1,10,0.43,29628774150,
540,002870,신풍,1220,1,10,0.83,42649614000,
541,002880,대유에이텍,939,1,7,0.75,43920781305,
542,002920,유성기업,1963,2,-23,-1.16,50934942500,
543,002990,금호건설,4925,1,15,0.31,182209043000,
544,003010,혜인,5330,2,-30,-0.56,67758941510,
545,003060,에이프로젠바이오로직스,259,2,-8,-3.0,51387631855,
546,003080,SB성보,2605,2,-15,-0.57,52152100000,
547,003220,대원제약,10260,2,-200,-1.91,230107001580,
548,003350,한국화장품제조,43800,2,-1550,-3.42,198501600000,
549,003460,유화증권,3645,2,-110,-2.93,206680302675,
550,003480,한진중공업홀딩스,4720,2,-25,-0.53,139380712640,
551,003580,HLB글로벌,2035,3,0,0.0,103100232675,
552,003610,방림,5480,1,80,1.48,220307825840,
553,003650,미창석유,112400,2,-500,-0.44,195539132800,
554,003680,한성기업,4995,2,-35,-0.7,31016527425,
555,003780,진양산업,5480,2,-120,-2.14,71240000000,
556,003830,대한화섬,123400,2,-2200,-1.75,163875200000,
557,004060,SG세계물산,515,2,-11,-2.09,104248854400,
558,004080,신흥,13760,2,-30,-0.22,129344000000,
559,004100,태양금속,3030,1,15,0.5,111201000000,
560,004140,동방,2800,1,35,1.27,134320944800,
561,004150,한솔홀딩스,3305,2,-15,-0.45,135592979100,
562,004250,NPC,3725,2,-90,-2.36,136782000000,
563,004270,남성,766,2,-11,-1.42,27738514560,
564,004380,삼익THK,9960,0,0,0.0,206172000000,
565,004410,서울식품,205,2,-11,-5.09,79985902880,
566,004430,송원산업,8900,2,-180,-1.98,213600000000,
567,004440,삼일씨엔에스,6400,1,100,1.59,81484460800,
568,004450,삼화왕관,28000,1,200,0.72,60322612000,
569,004540,깨끗한나라,1915,2,-24,-1.24,71315927095,
570,004710,한솔테크닉스,4925,2,-95,-1.89,156565149150,
571,004720,팜젠사이언스,3660,2,-85,-2.27,80353477320,
572,004770,써니전자,1559,2,-22,-1.39,55356095842,
573,004830,덕성,4510,2,-90,-1.96,70716800000,
574,004840,DRB동일,5460,1,80,1.49,108817800000,
575,004870,티웨이홀딩스,337,2,-14,-3.99,38136097478,
576,004890,동일산업,39300,3,0,0.0,95310949500,
577,004910,조광페인트,4830,2,-95,-1.93,61824000000,
578,004920,씨아이테크,1081,2,-14,-1.28,56406441632,
579,004960,한신공영,13640,1,60,0.44,157824375280,
580,004970,신라교역,9550,2,-30,-0.31,152800000000,
581,004980,성신양회,9310,2,-210,-2.21,228244639630,
582,005030,부산주공,486,0,0,0.0,45092532168,
583,005110,한창,1254,0,0,0.0,26467434378,
584,005320,온타이드,510,1,4,0.79,34871601900,
585,005360,모나미,1722,2,-28,-1.6,32541162654,
586,005430,한국공항,57800,2,-900,-1.53,183015319000,
587,005740,크라운해태홀딩스,6700,2,-10,-0.15,99477224900,
588,005750,대림바스,5830,1,90,1.57,97199159200,
589,005800,신영와코루,16220,1,20,0.12,145980000000,
590,005820,원림,15700,1,30,0.19,36078129000,
591,005870,휴니드,9040,1,10,0.11,127608775600,
592,005950,이수화학,7820,2,-230,-2.86,205620401580,
593,005960,동부건설,9170,1,1170,14.63,210420899710,
594,006060,화승인더,3260,2,-15,-0.46,180343200000,
595,006090,사조오양,8270,3,0,0.0,77926051530,
596,006200,한국전자홀딩스,723,2,-34,-4.49,33838667328,
597,006370,대구백화점,4560,2,-10,-0.22,49346546160,
598,006490,인스코비,276,2,-28,-9.21,34744568292,
599,006570,대림통상,2015,2,-10,-0.49,30678375000,
600,006660,삼성공조,11670,2,-280,-2.34,94834084380,
601,006740,블루산업개발,548,2,-11,-1.97,31222622224,
602,006840,AK홀딩스,7800,2,-30,-0.38,103330975800,
603,006880,신송홀딩스,7160,1,80,1.13,84694623280,
604,006890,태경케미컬,8660,1,190,2.24,100456000000,
605,006980,우성,21650,1,250,1.17,66898500000,
606,007110,일신석재,1530,2,-44,-2.8,118508613300,
607,007120,미래아이앤지,2220,2,-185,-7.69,64110509760,
608,007210,벽산,1850,2,-47,-2.48,123691000000,
609,007280,한국특강,1370,2,-5,-0.36,83314236070,
610,007460,에이프로젠,300,2,-6,-1.96,98791509000,
611,007540,샘표,56000,2,-600,-1.06,161044800000,
612,007590,동방아그로,5840,1,10,0.17,79526649680,
613,007610,선도전기,3000,0,0,0.0,54000000000,
614,007860,서연,9440,2,-260,-2.68,221649727360,
615,007980,TP,1851,2,-27,-1.44,94725165630,
616,008040,사조동아원,1075,2,-20,-1.83,151730445000,
617,008110,대동전자,14420,2,-620,-4.12,151272245740,
618,008250,이건산업,3870,2,-5,-0.13,42386697450,
619,008260,NI스틸,3505,2,-30,-0.85,100243410085,
620,008350,남선알미늄,1550,1,9,0.58,200072589500,
621,008420,문배철강,2295,1,65,2.91,47055543975,
622,008500,일정실업,2555,2,-15,-0.58,15330000000,
623,008600,윌비스,263,0,0,0.0,17683078257,
624,008700,아남전자,1574,4,363,29.98,121394466680,
625,008870,금비,45150,2,-250,-0.55,45150000000,
626,008970,KBI동양철관,1730,2,-15,-0.86,179516749110,
627,009070,KCTC,6350,2,-170,-2.61,190500000000,
628,009140,경인전자,22350,1,100,0.45,35107312950,
629,009180,한솔로지스틱스,2900,2,-40,-1.36,81651892500,
630,009190,대양금속,1258,1,32,2.61,54336322250,
631,009200,무림페이퍼,1962,1,15,0.77,81637466220,
632,009270,신원,1344,2,-35,-2.54,154251408192,
633,009310,참엔지니어링,1065,0,0,0.0,23307603810,
634,009320,아진전자부품,1000,2,-15,-1.48,49299770000,
635,009440,KC그린홀딩스,756,0,0,0.0,17568790596,
636,009460,한창제지,498,1,2,0.4,29714408028,
637,009580,무림P&P,2425,1,15,0.62,151243185700,
638,009770,삼정펄프,31250,2,-350,-1.11,78124093750,
639,009810,플레이그램,1040,2,-23,-2.16,31592600000,
640,010040,한국내화,1991,2,-24,-1.19,81764520442,
641,010100,한국무브넥스,4620,2,-170,-3.55,140680940400,
642,010400,우진아이엔에스,3740,2,-15,-0.4,28506280000,
643,010580,에스엠벡셀,1978,2,-62,-3.04,220055981280,
644,010640,진양폴리,2490,2,-30,-1.19,24900000000,
645,010660,화천기계,5780,2,-190,-3.18,127160000000,
646,010770,평화홀딩스,3935,2,-125,-3.08,57551208710,
647,010960,삼호개발,3930,1,25,0.64,94791600000,
648,011000,진원생명과학,1022,2,-44,-4.13,92882330954,
649,011090,에넥스,447,2,-9,-1.97,26816263527,
650,011150,CJ씨푸드,2660,2,-30,-1.12,95575856180,
651,011230,삼화전자,2600,2,-75,-2.8,49831041000,
652,011280,태림포장,1909,2,-10,-0.52,135168539460,
653,011300,성안머티리얼스,316,2,-1,-0.32,50106166804,
654,011330,유니켐,781,1,14,1.83,73597029693,
655,011390,부산산업,75000,2,-1200,-1.57,79200000000,
656,011420,갤럭시아에스엠,1786,2,-14,-0.78,49203664184,
657,011700,한신기계,4945,2,-205,-3.98,160446216695,
658,011810,STX,3530,0,0,0.0,109493282310,
659,012160,영흥,564,2,-11,-1.91,57139049808,
660,012170,아센디오,1288,2,-32,-2.42,24978565248,
661,012200,계양전기,6810,2,-310,-4.35,185387465490,
662,012280,영화금속,1019,2,-30,-2.86,52646130595,
663,012320,경동인베스트,63000,2,-3000,-4.55,148996449000,
664,012610,경인양행,3975,2,-125,-3.05,165425050875,
665,012690,모나리자,2040,2,-45,-2.16,74605360200,
666,012800,대창,1317,2,-37,-2.73,120032037183,
667,013000,세우글로벌,1125,1,4,0.36,32293159875,
668,013360,일성건설,1844,2,-16,-0.86,99621878720,
669,013520,화승코퍼레이션,2830,2,-90,-3.08,141645043160,
670,013570,디와이,4980,2,-5,-0.1,131071772340,
671,013700,까뮤이앤씨,1237,2,-4,-0.32,73911776710,
672,013870,지엠비코리아,5240,2,-40,-0.76,99938747200,
673,014130,한익스프레스,2635,2,-15,-0.57,31620000000,
674,014160,대영포장,1031,2,-12,-1.15,111754780019,
675,014280,금강공업,4820,2,-165,-3.31,141367500740,
676,014440,영보화학,4615,2,-80,-1.7,92300000000,
677,014530,극동유화,3810,1,55,1.46,132852490200,
678,014580,태경비케이,4430,2,-40,-0.89,122193133000,
679,014710,사조씨푸드,7270,2,-140,-1.89,125178807610,
680,014790,HL D&I,3140,2,-70,-2.18,118876007140,
681,014910,성문전자,1661,2,-39,-2.29,37307696085,
682,014990,인디에프,760,2,-2,-0.26,57085876200,
683,015020,이스타코,464,0,0,0.0,19883142400,
684,015230,대창단조,6460,1,80,1.25,184576605800,
685,015260,에이엔피,688,2,-36,-4.97,32416423072,
686,015590,DKME,515,0,0,0.0,122045495160,
687,015890,태경산업,4870,1,60,1.25,142344012500,
688,016090,대현,1650,2,-6,-0.36,73065811500,
689,016450,한세예스24홀딩스,4885,2,-15,-0.31,195400000000,
690,016580,환인제약,10150,2,-90,-0.88,188790710500,
691,016710,대성홀딩스,8790,1,20,0.23,141426344610,
692,016740,두올,4565,2,-70,-1.51,130896919560,
693,016880,웅진,2830,1,210,8.02,226193636400,
694,017040,광명전기,1146,2,-7,-0.61,49664906790,
695,017180,명문제약,1802,2,-45,-2.44,61184124108,
696,017370,우신시스템,5880,2,-70,-1.18,107686637520,
697,017550,수산세보틱스,1872,2,-17,-0.9,116811171360,
698,017900,광전자,2065,2,-35,-1.67,119653870595,
699,018470,조일알미늄,1286,2,-11,-0.85,162848393206,
700,018500,동원금속,1700,1,31,1.86,79483386100,
701,019180,티에이치엔,9140,2,-160,-1.72,164520000000,
702,019490,엑시큐어하이트론,541,0,0,0.0,41349858070,
703,019680,대교,1638,1,6,0.37,138743268300,
704,020120,키다리스튜디오,3290,2,-75,-2.23,121939790140,
705,020760,일진디스플,902,0,0,0.0,46465394382,
706,021050,서원,1215,2,-46,-3.65,57681626850,
707,021820,세원정공,16390,1,490,3.08,163900000000,
708,023000,삼원강재,2315,2,-35,-1.49,92600000000,
709,023150,MH에탄올,4320,1,35,0.82,31875232320,
710,023350,한국종합기술,4525,1,25,0.56,49548750000,
711,023450,동남합성,30650,1,50,0.16,107275000000,
712,023800,인지컨트롤스,6700,2,-60,-0.89,105921619900,
713,023810,인팩,7920,2,-270,-3.3,79200000000,
714,023960,에쓰씨엔지니어링,1369,2,-41,-2.91,52071249775,
715,024070,WISCOM,1933,2,-7,-0.36,29626004654,
716,024090,디씨엠,12450,1,110,0.89,141930000000,
717,024890,대원화성,796,2,-10,-1.24,32834324992,
718,024900,디와이덕양,2035,2,-30,-1.45,66269734300,
719,025000,KPX케미칼,49200,2,-500,-1.01,215432482800,
720,025530,SJM홀딩스,3600,2,-5,-0.14,53762428800,
721,025560,미래산업,13120,2,-500,-3.67,58812420480,
722,025620,차AI헬스케어,9110,2,-250,-2.67,165838194030,
723,025750,한솔홈데코,551,2,-19,-3.33,44391397099,
724,025820,이구산업,4880,2,-140,-2.79,163196960000,
725,025890,한국주강,1575,2,-4,-0.25,17812082925,
726,026940,부국철강,1955,2,-21,-1.06,39100000000,
727,027740,마니커,809,3,0,0.0,51380583452,
728,027970,한국제지,738,2,-20,-2.64,140351538906,
729,030720,동원수산,5850,2,-10,-0.17,27224759250,
730,031440,신세계푸드,48450,1,200,0.41,187621656000,
731,031820,아이티센씨티에스,720,2,-16,-2.17,87157055520,
732,032560,황금에스티,5900,2,-100,-1.67,100300000000,
733,033250,체시스,921,2,-2,-0.22,29472000000,
734,033530,SJG세종,8230,2,-290,-3.4,228966509030,
735,034590,인천도시가스,26900,2,-50,-0.19,117680882600,
736,035000,HS애드,8700,2,-70,-0.8,141006502800,
737,036420,콘텐트리중앙,6810,2,-40,-0.58,131176317480,
738,036580,팜스코,3285,2,-115,-3.38,120651292755,
739,037560,LG헬로비전,2275,2,-30,-1.3,176191617875,
740,039570,HDC랩스,8530,3,0,0.0,221418336530,
741,041650,상신브레이크,2620,2,-60,-2.24,56255199000,
742,044380,주연테크,377,1,14,3.86,24309556414,
743,044820,코스맥스비티아이,15100,2,-100,-0.66,145019207100,
744,047400,유니온머티리얼,1596,1,40,2.57,67032000000,
745,049800,우진플라임,2485,3,0,0.0,49700000000,
746,051630,진양화학,2240,2,-70,-3.03,47488000000,
747,055490,테이팩스,15000,2,-270,-1.77,71544750000,
748,058730,다스코,3505,2,-15,-0.43,69918514605,
749,058850,KTcs,2565,2,-50,-1.91,109487025000,
750,058860,KTis,2790,2,-35,-1.24,97097580000,
751,063160,종근당바이오,19360,2,-220,-1.12,106208224320,
752,067830,세이브존I&C,2985,2,-45,-1.49,122507071575,
753,068290,삼성출판사,9220,2,-140,-1.5,92200000000,
754,069460,대호에이엘,566,2,-12,-2.08,49282724832,
755,069640,한세엠케이,576,2,-13,-2.21,25808545152,
756,069730,DSR제강,4800,2,-40,-0.83,69120000000,
757,070960,모나용평,3010,2,-65,-2.11,144881332330,
758,071090,하이스틸,3540,2,-15,-0.42,71477807340,
759,071840,롯데하이마트,7920,2,-20,-0.25,186973079040,
760,071950,코아스,2055,2,-10,-0.48,24496436385,
761,072130,유엔젤,5200,3,0,0.0,67056360800,
762,074610,이엔플러스,5110,0,0,0.0,44815400070,
763,075180,새론오토모티브,3025,1,10,0.33,58080000000,
764,077500,유니퀘스트,6360,2,-180,-2.75,137376648720,
765,078000,텔코웨어,17850,2,-180,-1.0,164935374450,
766,079430,현대리바트,7180,2,-20,-0.28,147443324760,
767,079980,휴비스,2475,2,-45,-1.79,85387500000,
768,081000,일진다이아,13490,2,-340,-2.46,191598132750,
769,083420,그린케미칼,5590,2,-100,-1.76,134160000000,
770,084670,동양고속,44300,2,-1550,-3.38,128273706700,
771,084680,이월드,1611,2,-21,-1.29,228449776923,
772,084870,TBH글로벌,2015,1,45,2.28,42026490285,
773,085310,엔케이,1029,2,-24,-2.28,81167851338,
774,088790,진도,2600,1,70,2.77,32364134400,
775,089470,HDC현대EP,5240,2,-30,-0.57,167156000000,
776,090080,평화산업,913,2,-7,-0.76,50125762467,
777,090350,노루페인트,8530,2,-80,-0.93,170600000000,
778,090370,메타랩스,1388,2,-44,-3.07,34567708332,
779,092440,기신정기,2250,1,20,0.9,65700000000,
780,092780,DYP,4450,2,-110,-2.41,58599647000,
781,093240,형지엘리트,1005,2,-20,-1.95,61697210295,
782,094280,효성ITX,12460,2,-50,-0.4,144015172000,
783,095570,AJ네트웍스,5040,3,0,0.0,228073905360,
784,095720,웅진씽크빅,1243,2,-9,-0.72,143573939355,
785,100220,비상교육,5300,1,70,1.34,68882727300,
786,100250,진양홀딩스,3005,2,-30,-0.99,167965352460,
787,101140,인바이오젠,9650,2,-120,-1.23,96926684400,
788,101530,해태제과식품,6550,2,-60,-0.91,190715184100,
789,102260,동성케미컬,3940,2,-110,-2.72,197696556540,
790,102460,이연제약,10100,2,-160,-1.56,187726791100,
791,107590,미원홀딩스,65000,3,0,0.0,150800000000,
792,109070,주성코퍼레이션,943,1,33,3.63,49800046890,
793,111110,호전실업,7450,1,20,0.27,69851200000,
794,111380,동인기연,14170,2,-250,-1.73,86833760000,
795,118000,메타케어,239,2,-4,-1.65,41054789996,
796,119650,KC코트렐,918,0,0,0.0,100782913662,
797,120030,조선선재,100000,2,-1700,-1.67,125765100000,
798,123690,한국화장품,8340,2,-200,-2.34,134007120000,
799,123700,SJM,3565,2,-25,-0.7,55631461370,
800,129260,인터지스,2440,2,-35,-1.41,72584812560,
801,133820,화인베스틸,1280,2,-31,-2.36,47506562560,
802,134790,시디즈,19550,2,-60,-0.31,39100000000,
803,139990,아주스틸,3010,1,35,1.18,116653796140,
804,143210,핸즈코퍼레이션,1030,1,25,2.49,22532019410,
805,145210,다이나믹디자인,254,2,-45,-15.05,10728113672,
806,155660,DSR,4100,3,0,0.0,65600000000,
807,163560,동일고무벨트,6850,2,-100,-1.44,95215000000,
808,210540,디와이파워,13620,2,-330,-2.37,150388062960,
809,213500,한솔제지,8340,3,0,0.0,198496803840,
810,214330,금호에이치티,426,1,10,2.4,92887813260,
811,214390,경보제약,7940,1,810,11.36,189820468400,
812,214420,토니모리,6820,2,-250,-3.54,164053729180,
813,226320,잇츠한불,10230,3,0,0.0,224336892450,
814,227840,현대코퍼레이션홀딩스,12110,2,-90,-0.74,110211123960,
815,234080,JW생명과학,12980,2,-150,-1.14,205532510920,
816,248170,샘표식품,28350,2,-300,-1.05,129510908100,
817,264900,크라운제과,8400,2,-30,-0.36,105200340000,
818,267290,경동도시가스,22000,2,-100,-0.45,129698932000,
819,267850,아시아나IDT,10110,2,-60,-0.59,112221000000,
820,271980,제일약품,14430,3,0,0.0,212191302960,
821,272550,삼양패키징,11540,2,-60,-0.52,173889405240,
822,293480,하나제약,9110,2,-230,-2.46,161911538060,
823,298000,효성화학,38900,0,0,0.0,147501447900,
824,298690,에어부산,1830,2,-21,-1.13,213451200000,
825,308170,씨티알모빌리티,5040,2,-200,-3.82,43394400000,
826,317400,자이에스앤디,4375,2,-95,-2.13,169673525000,
827,339770,교촌에프앤비,4230,3,0,0.0,211352288400,
828,363280,티와이홀딩스,2760,2,-10,-0.36,139184779680,
829,372910,한컴라이프케어,2435,2,-45,-1.81,67387178610,
830,378850,화승알앤에이,3640,2,-20,-0.55,69136787720,
831,446070,유니드비티플러스,2965,1,65,2.24,31462252475,
832,460850,동국씨엠,5790,1,20,0.35,173113218240,
833,462520,조선내화,13940,2,-60,-0.43,165261041920,
834,465770,STX그린로지스,6910,2,-30,-0.43,49551831120,
835,480370,씨케이솔루션,2655,1,30,1.14,29032055955,
836,487570,HS효성,56700,2,-1500,-2.58,211260060900,
