,Code,Name,Close,RateCode,STR_CMP_PRC,Rate,Marcap,IDX_ID
0,005930,삼성전자,206000,1,2000,0.98,1219445411932000,
1,000660,SK하이닉스,1027000,1,29000,2.91,731945328855000,
2,005380,현대차,489500,3,0,0.0,100228926457000,
3,373220,LG에너지솔루션,412000,2,-9000,-2.14,96408000000000,
4,012450,한화에어로스페이스,1507000,1,56000,3.86,77706045307000,
5,402340,SK스퀘어,568000,1,8000,1.43,75025481320000,
6,207940,삼성바이오로직스,1571000,2,-9000,-0.57,72723084021000,
7,034020,두산에너빌리티,100200,1,200,0.2,64184226829200,
8,105560,KB금융,158300,1,4100,2.66,59022227026500,
9,000270,기아,149000,2,-1500,-1.0,58171536702000,
10,329180,HD현대중공업,475000,1,4500,0.96,49856581875000,
11,028260,삼성물산,302500,1,2500,0.83,49056116752500,
12,055550,신한지주,98700,1,2100,2.17,46848385430700,
13,032830,삼성생명,234500,1,4500,1.96,46900000000000,
14,068270,셀트리온,199700,2,-1800,-0.89,46140337721700,
15,009150,삼성전기,565000,1,49000,9.5,42201938240000,
16,006400,삼성SDI,481000,1,1000,0.21,38761639930000,
17,042660,한화오션,123400,2,-100,-0.08,37811412819600,
18,006800,미래에셋증권,66500,2,-1200,-1.77,36928541132000,
19,012330,현대모비스,402500,1,1000,0.25,36519864657500,
20,267260,HD현대일렉트릭,999000,1,19000,1.94,36011087865000,
21,010130,고려아연,1581000,1,55000,3.6,33000163989000,
22,086790,하나금융지주,119500,1,2400,2.05,33259934773000,
23,035420,NAVER,202000,1,500,0.25,31684232876000,
24,005490,POSCO홀딩스,369000,1,2000,0.54,29240123463000,
25,015760,한국전력,43400,3,0,0.0,27861240941800,
26,009540,HD한국조선해양,394000,1,3000,0.77,27884607704000,
27,298040,효성중공업,2940000,1,58000,2.01,27414171120000,
28,042700,한미반도체,286000,3,0,0.0,27259289200000,
29,034730,SK,354000,1,14500,4.27,25665956862000,
30,272210,한화시스템,133300,2,-3800,-2.77,25182954553700,
31,010140,삼성중공업,28550,1,400,1.42,25124000000000,
32,051910,LG화학,356000,1,1000,0.28,25130874108000,
33,316140,우리금융지주,34150,1,1050,3.17,25068706328000,
34,010120,LS ELECTRIC,788000,0,0,0.0,23640000000000,
35,064350,현대로템,210000,1,7000,3.45,22919881530000,
36,000810,삼성화재,469500,1,2000,0.43,21602237272500,
37,035720,카카오,47700,1,400,0.85,21131147461500,
38,096770,SK이노베이션,122400,2,-1600,-1.29,20692061251200,
39,000150,두산,1281000,2,-14000,-1.08,20744302635000,
40,011200,HMM,21650,1,800,3.84,20421102050500,
41,267250,HD현대,252000,2,-2500,-0.98,19906257420000,
42,000720,현대건설,179500,2,-3900,-2.13,19988359817500,
43,017670,SK텔레콤,93000,2,-800,-0.85,19975474929000,
44,079550,LIG넥스원,921000,1,34000,3.83,20262000000000,
45,047810,한국항공우주,199900,3,0,0.0,19485273889300,
46,138040,메리츠금융지주,115600,2,-800,-0.69,19536547158800,
47,003670,포스코퓨처엠,217500,2,-500,-0.23,19345802850000,
48,066570,LG전자,118400,1,1200,1.02,19285748220800,
49,033780,KT&G,164300,1,1100,0.67,18841372773500,
50,024110,기업은행,22350,1,550,2.52,17822468172150,
51,086280,현대글로비스,218500,1,5500,2.58,16387500000000,
52,030200,KT,62100,1,1100,1.8,15650546638500,
53,003550,LG,93000,1,2400,2.65,14342607405000,
54,278470,에이피알,393000,1,27500,7.52,14713194915000,
55,071050,한국금융지주,241500,1,9500,4.09,13457827068000,
56,0126Z0,삼성에피스홀딩스,547000,1,30000,5.8,13611027803000,
57,010950,S-Oil,120700,1,1100,0.92,13588742994400,
58,047050,포스코인터내셔널,75200,1,1300,1.76,13229393657600,
59,005940,NH투자증권,34050,1,550,1.64,12133525764450,
60,323410,카카오뱅크,25250,3,0,0.0,12047101659250,
61,039490,키움증권,453000,1,6000,1.34,11873895570000,
62,018260,삼성에스디에스,148700,1,400,0.27,11506078860000,
63,005830,DB손해보험,169300,1,6900,4.25,11746711200000,
64,259960,크래프톤,237500,1,3500,1.5,11258946612500,
65,307950,현대오토에버,391500,2,-2000,-0.51,10736488953000,
66,352820,하이브,254000,2,-1500,-0.59,10947971246000,
67,047040,대우건설,24300,1,950,4.07,9985055603400,
68,028050,삼성E&A,51200,2,-100,-0.19,10035200000000,
69,006260,LS,293500,1,13500,4.82,9157200000000,
70,003230,삼양식품,1238000,1,52000,4.38,9325872570000,
71,000880,한화,125600,1,4400,3.63,9414817116000,
72,016360,삼성증권,106800,1,3800,3.69,9537240000000,
73,003490,대한항공,24700,1,450,1.86,9095050326700,
74,011070,LG이노텍,380000,1,39000,11.44,8993500660000,
75,007660,이수페타시스,114900,2,-3000,-2.54,8434719263100,
76,443060,HD현대마린솔루션,186400,1,1100,0.59,8356560844000,
77,161390,한국타이어앤테크놀로지,65000,1,1700,2.69,8051879485000,
78,267270,HD건설기계,162700,1,4500,2.84,7805388998600,
79,180640,한진칼,117700,1,7000,6.32,7857920238300,
80,090430,아모레퍼시픽,131900,1,2800,2.17,7715194912100,
81,326030,SK바이오팜,98500,1,900,0.92,7713855125000,
82,000100,유한양행,92900,2,-900,-0.96,7399262132900,
83,066970,엘앤에프,186800,1,3700,2.02,7532725878000,
84,032640,LG유플러스,17410,1,1220,7.54,7483311660550,
85,009830,한화솔루션,40950,1,900,2.25,7038999349200,
86,377300,카카오페이,53100,1,300,0.57,7180407462600,
87,128940,한미약품,500000,1,13000,2.67,6405495500000,
88,241560,두산밥캣,69500,1,2100,3.12,6661996517500,
89,078930,GS,71700,1,2300,3.31,6662032602600,
90,034220,LG디스플레이,12660,1,860,7.29,6330000000000,
91,052690,한전기술,166000,2,-3400,-2.01,6344520000000,
92,029780,삼성카드,55000,1,800,1.48,6372239005000,
93,064400,LG씨엔에스,63300,1,300,0.48,6132880508400,
94,001440,대한전선,31700,1,1300,4.28,5910379410000,
95,001040,CJ,205000,1,4000,1.99,5981284590000,
96,454910,두산로보틱스,89500,2,-2000,-2.19,5801388210000,
97,138930,BNK금융지주,18450,1,990,5.67,5725533758850,
98,004020,현대제철,40400,1,1200,3.06,5391209714000,
99,088980,맥쿼리인프라,11350,1,20,0.18,5435764620550,
100,175330,JB금융지주,30950,1,650,2.15,5826448424800,
101,450080,에코프로머티,73600,2,-800,-1.08,5193124294400,
102,021240,코웨이,75500,1,800,1.07,5342940663000,
103,036570,엔씨소프트,240000,1,6000,2.56,5170565280000,
104,271560,오리온,132400,1,2000,1.53,5234583876800,
105,062040,산일전기,153500,1,11000,7.72,4699532975000,
106,002380,KCC,526000,1,5000,0.96,4674283746000,
107,022100,포스코DX,32150,2,-250,-0.77,4887916537350,
108,353200,대덕전자,89900,1,2500,2.86,4442581557500,
109,251270,넷마블,50300,1,300,0.6,4122606661300,
110,000990,DB하이텍,94800,1,2200,2.38,4124234942400,
111,018880,한온시스템,3915,2,-25,-0.63,4017817891080,
112,088350,한화생명,4775,2,-75,-1.55,4147230750000,
113,375500,DL이앤씨,94500,1,200,0.21,3656547373500,
114,489790,한화비전,72500,2,-1000,-1.36,3660408275000,
115,097950,CJ제일제당,238500,1,6000,2.58,3590423361000,
116,103590,일진전기,81000,1,3800,4.92,3862516590000,
117,111770,영원무역,82500,1,1500,1.85,3655696110000,
118,035250,강원랜드,17000,1,210,1.25,3636988500000,
119,017800,현대엘리베이터,94800,1,5700,6.4,3705958098000,
120,082740,한화엔진,45750,1,250,0.55,3817706746500,
121,010060,OCI홀딩스,196300,2,-3700,-1.85,3664966541600,
122,011170,롯데케미칼,92300,2,-4400,-4.55,3948171173700,
123,011790,SKC,96100,1,1300,1.37,3639143437800,
124,012510,더존비즈온,119300,2,-200,-0.17,3626102026000,
125,051900,LG생활건강,249000,2,-2000,-0.8,3810312291000,
126,439260,대한조선,87800,1,800,0.92,3382610193600,
127,302440,SK바이오사이언스,42000,2,-150,-0.36,3295175226000,
128,031210,서울보증보험,48000,1,300,0.63,3351436704000,
129,036460,한국가스공사,36600,1,150,0.41,3378655800000,
130,004170,신세계,341000,2,-5500,-1.59,3289006721000,
131,011780,금호석유화학,131700,1,700,0.53,3428380421400,
132,012750,에스원,89500,2,-4100,-4.38,3400926431000,
133,014680,한솔케미칼,277000,1,9500,3.55,3149544015000,
134,001720,신영증권,203500,2,-1000,-0.49,3345540000000,
135,006360,GS건설,37650,1,2100,5.91,3222143098500,
136,457190,이수스페셜티케미컬,95900,2,-1400,-1.44,2897989824800,
137,004990,롯데지주,28750,1,650,2.31,3016140563750,
138,112610,씨에스윈드,67200,2,-500,-0.74,2833918281600,
139,139130,iM금융지주,18080,1,1180,6.98,2904092460640,
140,139480,이마트,94400,2,-100,-0.11,2605045313600,
141,026960,동서,27750,1,300,1.09,2766675000000,
142,028670,팬오션,5360,1,160,3.08,2865292584320,
143,051600,한전KPS,57700,1,200,0.35,2596500000000,
144,071970,HD현대마린엔진,80300,1,1900,2.42,2723896048500,
145,085620,미래에셋생명,16470,1,350,2.17,2915456632830,
146,005850,에스엘,56700,2,-1600,-2.74,2633631084000,
147,008930,한미사이언스,38900,2,-450,-1.14,2660431295000,
148,009970,영원무역홀딩스,216500,2,-6500,-2.91,2922584810500,
149,020150,롯데에너지머티리얼즈,49150,1,4550,10.2,2573762506450,
150,023530,롯데쇼핑,106800,2,-4400,-3.96,3021239034000,
151,001450,현대해상,30450,1,700,2.35,2722230000000,
152,103140,풍산,99500,2,-3300,-3.21,2788415661000,
153,383220,F&F,67000,1,2500,3.88,2566574025000,
154,004800,효성,149300,2,-300,-0.2,2499342765100,
155,097230,HJ중공업,25900,1,600,2.37,2338649409600,
156,120110,코오롱인더,87400,2,-2600,-2.89,2405168553400,
157,192820,코스맥스,186700,1,900,0.48,2118953330300,
158,204320,HL만도,50500,2,-200,-0.39,2371334560000,
159,279570,케이뱅크,6250,1,180,2.97,2535594693750,
160,282330,BGF리테일,131100,2,-16700,-11.3,2265920076600,
161,336260,두산퓨얼셀,36200,1,200,0.56,2370872881200,
162,023590,다우기술,47200,1,450,0.96,2117704322400,
163,030000,제일기획,19440,1,300,1.57,2236401414000,
164,081660,미스토홀딩스,42350,1,1350,3.29,2248439424000,
165,005440,현대지에프홀딩스,13530,1,490,3.76,2109385192530,
166,009420,한올바이오파마,47150,1,100,0.21,2463146081700,
167,011210,현대위아,78800,1,1300,1.68,2142972540400,
168,017960,한국카본,46550,1,2850,6.52,2372646983000,
169,018670,SK가스,244500,1,6500,2.73,2260462158000,
170,000120,CJ대한통운,106800,1,3400,3.29,2436358339200,
171,000240,한국앤컴퍼니,24950,1,300,1.22,2368634238000,
172,001430,세아베스틸지주,63100,2,-6400,-9.21,2262899708900,
173,002790,아모레퍼시픽홀딩스,27750,1,300,1.09,2121714495000,
174,003690,코리안리,11940,1,90,0.76,2326163110140,
175,004370,농심,376500,1,2000,0.53,2290114713000,
176,483650,달바글로벌,179000,1,2000,1.13,2218466035000,
177,361610,SK아이이테크놀로지,23100,1,250,1.09,1889282010000,
178,005070,코스모신소재,55000,1,500,0.92,1826801405000,
179,475150,SK이터닉스,59000,1,100,0.17,2009953236000,
180,161890,한국콜마,78900,1,500,0.64,1862440575300,
181,298020,효성티앤씨,464000,1,10000,2.2,2008044448000,
182,322000,HD현대에너지솔루션,168400,1,4200,2.56,1886080000000,
183,069620,대웅제약,150400,1,2900,1.97,1742620880000,
184,069960,현대백화점,80900,1,600,0.75,1830670971700,
185,073240,금호타이어,6190,2,-30,-0.48,1778141176530,
186,006040,동원산업,38500,1,750,1.99,1699697461000,
187,006280,녹십자,144300,3,0,0.0,1686367433400,
188,007070,GS리테일,22150,2,-300,-1.34,1851904242250,
189,007340,DN오토모티브,35350,2,-400,-1.12,2068359077750,
190,007810,코리아써키트,80100,2,-1400,-1.72,1921008182400,
191,008770,호텔신라,50100,1,1150,2.35,1966330862100,
192,012630,HDC,27550,1,500,1.85,1645884413550,
193,395400,SK리츠,6450,1,120,1.9,1941563649000,
194,000500,가온전선,106100,1,2500,2.41,1755224501500,
195,001120,LX인터내셔널,47400,1,450,0.96,1837224000000,
196,003540,대신증권,37600,1,500,1.35,1909079840000,
197,003570,SNT다이내믹스,56300,1,3500,6.63,1872126841100,
198,462870,시프트업,32850,2,-350,-1.05,1937635569000,
199,100090,SK오션플랜트,25750,1,100,0.39,1608811821750,
200,004000,롯데정밀화학,51200,2,-200,-0.39,1320960000000,
201,181710,NHN,38200,1,700,1.87,1251169909800,
202,185750,종근당,87300,2,-100,-0.11,1204982694000,
203,229640,LS에코에너지,44750,1,900,2.05,1370463335250,
204,294870,IPARK현대산업개발,22750,1,650,2.94,1499391757500,
205,300720,한일시멘트,17260,1,80,0.47,1269390307340,
206,030610,교보증권,13020,1,320,2.52,1483797752220,
207,032350,롯데관광개발,17160,2,-100,-0.58,1365961293840,
208,034230,파라다이스,15170,1,350,2.36,1405187724940,
209,077970,STX엔진,33200,2,-400,-1.19,1332915691600,
210,082640,동양생명,8860,1,230,2.67,1429637063100,
211,089860,롯데렌탈,32400,1,650,2.05,1176424171200,
212,007310,오뚜기,367000,2,-3000,-0.81,1470873610000,
213,020560,아시아나항공,7080,2,-40,-0.56,1458414233880,
214,415640,KB발해인프라,9930,3,0,0.0,1216877291640,
215,330590,롯데리츠,4770,1,10,0.21,1378381576680,
216,000080,하이트진로,17400,1,460,2.72,1220324831400,
217,000210,DL,65600,2,-2300,-3.39,1374705990400,
218,001740,SK네트웍스,5360,1,120,2.29,1186049554720,
219,001800,오리온홀딩스,23650,1,450,1.94,1481564230300,
220,003090,대웅,22400,1,200,0.9,1302380352000,
221,003240,태광산업,1174000,1,5000,0.43,1307131600000,
222,003530,한화투자증권,7190,1,250,3.6,1542598502250,
223,100840,SNT에너지,62200,1,4200,7.24,1286344702600,
224,456040,OCI,93100,1,1100,1.2,833477284500,
225,484870,엠앤씨솔루션,112500,1,6600,6.23,1029813750000,
226,499790,GS피앤엘,44750,2,-50,-0.11,887430134750,
227,090460,비에이치,23350,1,1600,7.36,787164412300,
228,093050,LF,24850,1,300,1.22,726614000000,
229,093370,후성,10590,2,-650,-5.78,1135833944700,
230,108320,LX세미콘,51300,1,900,1.79,834358590000,
231,114090,GKL,12130,1,270,2.28,750309277100,
232,137310,에스디바이오센서,8200,1,310,3.93,998342636400,
233,192080,더블유게임즈,48550,1,700,1.46,1027971871400,
234,192400,쿠쿠홀딩스,27700,2,-50,-0.18,985072524500,
235,195870,해성디에스,54900,1,1800,3.39,933300000000,
236,214320,이노션,18220,1,120,0.66,728800000000,
237,248070,솔루엠,17990,1,720,4.17,860214085640,
238,249420,일동제약,27100,1,200,0.74,857396629200,
239,280360,롯데웰푸드,115900,1,4800,4.32,1078400126600,
240,281820,케이씨텍,49700,1,2350,4.96,1028309053100,
241,285130,SK케미칼,57000,1,1500,2.7,986029662000,
242,298050,HS효성첨단소재,213500,2,-500,-0.23,956468898000,
243,317450,명인제약,57300,1,100,0.17,836580000000,
244,025540,한국단자,75600,1,300,0.4,764694000000,
245,030190,NICE평가정보,15020,2,-140,-0.92,884851135540,
246,033240,자화전자,35100,1,550,1.59,758353120200,
247,036530,SNT홀딩스,62500,1,2900,4.87,1018992875000,
248,057050,현대홈쇼핑,77200,1,1800,2.39,926400000000,
249,064960,SNT모티브,34500,1,550,1.62,915639384000,
250,069260,TKG휴켐스,17650,1,250,1.44,721507078200,
251,071320,지역난방공사,77000,1,2800,3.77,891563288000,
252,075580,세진중공업,17830,1,120,0.68,1013625800480,
253,079160,CJ CGV,4730,1,65,1.39,783204591180,
254,079900,전진건설로봇,67800,2,-200,-0.29,989374551000,
255,005690,파미셀,16740,2,-300,-1.76,1004683977360,
256,005880,대한해운,3090,4,710,29.83,997289280600,
257,006110,삼아알미늄,55200,1,6200,12.65,834814716000,
258,006120,SK디스커버리,59100,1,2600,4.6,1029152684100,
259,006650,대한유화,157500,2,-5700,-3.49,1023750000000,
260,007700,F&F홀딩스,18900,1,860,4.77,739261536300,
261,009240,한샘,39300,2,-700,-1.75,924883370400,
262,009450,경동나비엔,64300,3,0,0.0,936760465600,
263,010780,아이에스동서,28450,1,500,1.79,858819467200,
264,011930,신성이엔지,3785,1,625,19.78,779135251535,
265,014820,동원시스템즈,25800,1,1100,4.45,747975075600,
266,293940,신한알파리츠,5950,1,50,0.85,719593731850,
267,365550,ESR켄달스퀘어리츠,4650,1,80,1.75,1144313850000,
268,451800,한화리츠,5620,1,150,2.74,1009352000000,
269,000370,한화손해보험,6590,1,220,3.45,769309449850,
270,000670,영풍,60200,1,1000,1.69,1088292590000,
271,001060,JW중외제약,32200,1,1200,3.87,749806946000,
272,001270,부국증권,77100,1,2200,2.94,799518210600,
273,001510,SK증권,1863,0,0,0.0,861805488573,
274,001680,대상,20850,1,650,3.22,722411321250,
275,002020,코오롱,62700,2,-1500,-2.34,809311536000,
276,002350,넥센타이어,7500,1,40,0.54,732509077500,
277,003000,부광약품,7540,2,-20,-0.26,743931619340,
278,003030,세아제강지주,232000,2,-6500,-2.73,960864424000,
279,003160,디아이,31450,1,2200,7.52,890035000000,
280,003280,흥아해운,3285,1,155,4.95,789795793215,
281,003470,유안타증권,4865,1,130,2.75,971037342240,
282,003620,KG모빌리티,3810,1,235,6.57,771048414720,
283,003850,보령,9760,1,80,0.83,837283140320,
284,004490,세방전지,60500,1,800,1.34,838530000000,
285,005090,SGC에너지,56900,1,5300,10.27,819891047700,
286,005180,빙그레,73900,1,1600,2.21,706166451700,
287,005300,롯데칠성,118200,1,4500,3.96,1096764088800,
288,0030R0,대신밸류리츠,4325,1,20,0.46,258548500000,
289,088260,이리츠코크렙,4885,2,-5,-0.1,309423667150,
290,334890,이지스밸류플러스리츠,4270,1,20,0.47,296545876410,
291,348950,제이알글로벌리츠,1781,1,51,2.95,351526656000,
292,357120,코람코라이프인프라리츠,4650,1,25,0.54,452609396100,
293,377190,디앤디플랫폼리츠,3100,1,25,0.81,274040000000,
294,404990,신한서부티엔디리츠,4190,1,30,0.72,252083778670,
295,417310,코람코더원리츠,9750,2,-230,-2.3,393900000000,
296,448730,삼성FN리츠,5950,1,250,4.39,541747500000,
297,000050,경방,9450,1,340,3.73,259074301500,
298,000070,삼양홀딩스,68200,1,1600,2.4,529449626200,
299,000320,노루홀딩스,21700,1,650,3.09,288417976700,
300,000390,삼화페인트,9180,1,90,0.99,249727845420,
301,000400,롯데손해보험,2185,3,0,0.0,678084859200,
302,000430,대원강업,4325,1,150,3.59,268150000000,
303,000480,CR홀딩스,5030,1,85,1.72,235859164700,
304,000490,대동,10080,1,270,2.75,290574799200,
305,000540,흥국화재,4335,1,135,3.21,278491866075,
306,000640,동아쏘시오홀딩스,95000,1,1400,1.5,620961230000,
307,000650,천일고속,221000,1,8000,3.76,315857620000,
308,000680,LS네트웍스,3200,1,90,2.89,252169651200,
309,001130,대한제분,146800,1,1200,0.82,248092000000,
310,001200,유진투자증권,4895,1,150,3.16,474161116110,
311,001230,동국홀딩스,10810,3,0,0.0,343763221230,
312,001250,GS글로벌,3560,2,-65,-1.79,293820199840,
313,001340,PKC,6740,1,50,0.75,302750063180,
314,001390,KG케미칼,5650,1,180,3.29,379866619500,
315,001460,BYC,47700,1,600,1.27,297941355000,
316,001500,현대차증권,10750,1,250,2.38,664705223000,
317,001530,DI동일,25150,1,1850,7.94,496191392000,
318,001570,금양,9900,0,0,0.0,633275240400,
319,001630,종근당홀딩스,47600,1,250,0.53,238469383600,
320,001750,한양증권,25300,2,-50,-0.2,322031910200,
321,001780,알루코,2590,1,85,3.39,250790041880,
322,001790,대한제당,3000,1,25,0.84,269089740000,
323,001820,삼화콘덴서,63100,1,4700,8.05,655924500000,
324,001940,KISCO홀딩스,26150,2,-150,-0.57,370712337000,
325,002030,아세아,277500,1,8000,2.97,575159265000,
326,002150,도화엔지니어링,7090,1,80,1.14,239074800000,
327,002240,고려제강,23000,1,1800,8.49,621000000000,
328,002310,아세아제지,9380,1,360,3.99,379725943800,
329,002320,한진,19310,1,310,1.63,299664474960,
330,002710,TCC스틸,16660,1,1530,10.11,436720192020,
331,002810,삼영무역,19060,1,80,0.42,351980028880,
332,002840,미원상사,135500,1,1100,0.82,643625000000,
333,002900,TYM,7110,1,30,0.42,294354000000,
334,002960,한국쉘석유,501000,1,21500,4.48,651300000000,
335,003070,코오롱글로벌,11800,2,-200,-1.67,300002716200,
336,003120,일성아이에스,22950,1,150,0.66,305235000000,
337,003200,일신방직,11990,1,260,2.22,275290400000,
338,003300,한일홀딩스,17240,1,130,0.76,531558920160,
339,003520,영진약품,1755,1,31,1.8,320976742905,
340,003720,삼영,7400,1,190,2.64,251600000000,
341,003920,남양유업,52200,3,0,0.0,313200000000,
342,003960,사조대림,32650,1,550,1.71,299219847550,
343,004310,현대약품,8630,1,120,1.41,276160000000,
344,004360,세방,15200,1,250,1.67,290557165600,
345,004380,삼익THK,11620,2,-410,-3.41,240534000000,
346,004690,삼천리,133000,2,-2600,-1.92,539318325000,
347,004700,조광피혁,67700,1,900,1.35,450146642600,
348,004980,성신양회,9750,1,90,0.93,239031711750,
349,005010,휴스틸,5570,2,-210,-3.63,312967577750,
350,005250,녹십자홀딩스,13800,1,220,1.62,648989298000,
351,005420,코스모화학,15710,2,-220,-1.38,603393261880,
352,005500,삼진제약,18440,1,470,2.62,245620800000,
353,005610,SPC삼립,50100,1,500,1.01,432313350900,
354,005680,삼영전자,14520,1,20,0.14,290400000000,
355,005720,넥센,6650,1,90,1.37,356067447050,
356,005810,풍산홀딩스,46350,2,-7850,-14.48,668241484200,
357,006220,제주은행,13120,1,530,4.21,495917067840,
358,006340,대원전선,5470,1,130,2.43,428926855520,
359,006380,카프로,3660,0,0,0.0,618539985360,
360,007160,사조산업,53400,1,1000,1.91,267000000000,
361,007690,국도화학,38300,1,150,0.39,354689865600,
362,008060,대덕,13500,1,640,4.98,457517025000,
363,008350,남선알미늄,2205,1,40,1.85,284619393450,
364,008730,율촌화학,26650,1,1050,4.1,660920000000,
365,009160,SIMPAC,5440,1,120,2.26,355618065920,
366,009290,광동제약,8460,1,220,2.67,421306375680,
367,009410,태영건설,2020,2,-60,-2.88,601131957560,
368,009470,삼화전기,39500,1,2800,7.63,261245890000,
369,009900,명신산업,9730,1,120,1.25,510534394090,
370,010690,화신,11060,2,-150,-1.34,386219734600,
371,010820,퍼스텍,11390,1,1620,16.58,555512373820,
372,011500,한농화성,20950,1,150,0.72,327596029900,
373,011760,현대코퍼레이션,26850,1,450,1.7,355197737100,
374,012030,DB,1671,1,9,0.54,336161642043,
375,0120G0,삼양바이오팜,75800,1,600,0.8,563638946000,
376,013580,계룡건설,27400,1,1050,3.98,244706851800,
377,013890,지누스,11540,1,470,4.25,256817807040,
378,014830,유니드,81900,1,400,0.49,554266440000,
379,015360,INVENI,16160,2,-520,-3.12,440360000000,
380,015860,일진홀딩스,7400,1,300,4.23,365171374200,
381,016380,KG스틸,5660,1,160,2.91,566050357020,
382,016590,신대양제지,12680,1,470,3.85,510976357600,
383,016610,DB증권,13210,1,440,3.45,560716798690,
384,016800,퍼시스,38200,1,200,0.53,439300000000,
385,017390,서울가스,62000,1,200,0.32,306900000000,
386,017810,풀무원,12300,1,90,0.74,468882666600,
387,017860,DS단석,18940,2,-40,-0.21,333044975280,
388,017900,광전자,10530,0,0,0.0,610147824390,
389,017940,E1,95200,1,1100,1.17,653072000000,
390,018250,애경산업,14730,1,360,2.51,389018342550,
391,019170,신풍제약,10540,1,190,1.84,558461794600,
392,020000,한섬,23100,1,300,1.32,518311955700,
393,024720,콜마홀딩스,9010,1,10,0.11,309009293590,
394,025860,남해화학,7940,1,130,1.66,394450013420,
395,026890,스틱인베스트먼트,9380,1,190,2.07,390941281500,
396,027410,BGF,5130,3,0,0.0,491027137830,
397,028100,동아지질,18250,2,-50,-0.27,244358411500,
398,029460,케이씨,31550,1,1250,4.13,406053137850,
399,029530,신도리코,50300,2,-200,-0.4,488701168700,
400,030210,다올투자증권,4220,1,95,2.3,257044867320,
401,031430,신세계인터내셔날,12540,1,170,1.37,438724440000,
402,033270,유나이티드제약,20350,1,420,2.11,323784271250,
403,033920,무학,9030,1,220,2.5,257355000000,
404,034120,SBS,15320,1,150,0.99,284204966160,
405,034310,NICE,13350,2,-140,-1.04,490708045950,
406,034830,한국토지신탁,1525,1,24,1.6,385046075750,
407,035150,백산,12730,1,30,0.24,258548247690,
408,035510,신세계 I&C,19530,1,250,1.3,273046977000,
409,037270,YG PLUS,5080,1,95,1.91,323408598800,
410,037710,광주신세계,37100,1,450,1.23,295211749000,
411,039130,하나투어,41200,1,200,0.49,638185198400,
412,044450,KSS해운,12640,1,1190,10.39,291805523200,
413,053690,한미글로벌,33150,1,2450,7.98,363242782500,
414,058430,포스코스틸리온,48000,0,0,0.0,288000000000,
415,058650,세아홀딩스,154900,2,-800,-0.51,668120256400,
416,060980,HL홀딩스,42100,1,800,1.94,382219458700,
417,072710,농심홀딩스,95900,1,2400,2.57,444764061000,
418,078520,에이블씨엔씨,12140,1,200,1.68,315811914540,
419,084010,대한제강,12150,1,440,3.76,417614891400,
420,084680,이월드,1823,1,86,4.95,258512689839,
421,084690,대상홀딩스,9480,1,540,6.04,343294860240,
422,089590,제주항공,5190,2,-40,-0.76,418526712150,
423,091810,티웨이항공,945,1,23,2.49,390256163325,
424,092200,디아이씨,7900,3,0,0.0,307219695100,
425,092220,KEC,1440,2,-4,-0.28,289098923040,
426,092230,KPX홀딩스,84100,3,0,0.0,355292728600,
427,092790,넥스틸,16500,2,-330,-1.96,429033000000,
428,096760,JW홀딩스,4175,1,170,4.24,308636632850,
429,097520,엠씨넥스,22700,1,950,4.37,395014050000,
430,104700,한국철강,10370,1,640,6.58,377986500000,
431,105630,한세실업,11550,1,110,0.96,462000000000,
432,105840,우진,23000,2,-300,-1.29,464546410000,
433,108670,LX하우시스,31100,1,2400,8.36,278894537000,
434,117580,대성에너지,9310,1,70,0.76,256025000000,
435,122900,아이마켓코리아,7420,1,20,0.27,248041992800,
436,123890,한국자산신탁,2645,1,45,1.73,323679034270,
437,126560,현대퓨처넷,3370,1,80,2.43,371383924650,
438,126720,수산인더스트리,28750,1,300,1.05,410722500000,
439,128820,대성산업,7040,1,150,2.18,318457765120,
440,130660,한전산업,18430,2,-340,-1.81,600818000000,
441,134380,미원화학,118600,0,0,0.0,260833184800,
442,136490,선진,10320,1,330,3.3,245405513280,
443,138490,코오롱ENP,15000,0,0,0.0,570000000000,
444,145720,덴티움,51500,1,300,0.59,444130386500,
445,145990,삼양사,46600,1,1600,3.56,480606723400,
446,161000,애경케미칼,12570,1,70,0.56,611514272130,
447,170900,동아에스티,45350,1,550,1.23,420330692550,
448,178920,PI첨단소재,23200,1,1050,4.74,681298670400,
449,183190,아세아시멘트,11310,1,400,3.67,417651811980,
450,192650,드림텍,6440,1,50,0.78,444193841560,
451,194370,제이에스코퍼레이션,13140,1,920,7.53,381280200120,
452,200880,서연이화,13320,1,160,1.22,360018780840,
453,210980,SK디앤디,12820,1,10,0.08,238674837240,
454,217590,티엠씨,24200,1,3850,18.92,583080245000,
455,241590,화승엔터프라이즈,4620,1,120,2.67,279922455120,
456,244920,에이플러스에셋,10870,1,20,0.18,245745622910,
457,268280,미원에스씨,125600,1,5200,4.32,628000000000,
458,271940,일진하이솔루스,16090,1,190,1.19,584279227100,
459,272450,진에어,6550,1,60,0.92,341910000000,
460,284740,쿠쿠홈시스,23750,1,300,1.28,532886587500,
461,286940,롯데이노베이트,20800,1,250,1.22,314690833600,
462,298690,에어부산,2195,1,5,0.23,256024800000,
463,306200,세아제강,156400,1,4000,2.62,443597320000,
464,336370,솔루스첨단소재,9690,1,420,4.53,680406063360,
465,344820,KCC글라스,26850,1,1300,5.09,428808247200,
466,377740,바이오노트,4965,1,35,0.71,505069828320,
467,381970,케이카,10050,3,0,0.0,490649522400,
468,383800,LX홀딩스,8230,1,200,2.49,627790078700,
469,403550,쏘카,11150,1,530,4.99,366187207300,
470,452260,한화갤러리아,2465,1,25,1.02,477863938650,
471,453340,현대그린푸드,16000,1,230,1.46,520030656000,
472,460860,동국제강,10410,1,160,1.56,516419456970,
473,475560,더본코리아,21100,1,100,0.48,312870167000,
474,111380,동인기연,14060,1,10,0.07,86159680000,
475,118000,메타케어,223,3,0,0.0,38306352172,
476,119650,KC코트렐,918,0,0,0.0,100782913662,
477,120030,조선선재,99200,1,400,0.4,124758979200,
478,123690,한국화장품,8310,1,240,2.97,133525080000,
479,123700,SJM,3635,1,45,1.25,56723804230,
480,129260,인터지스,2475,1,85,3.56,73625988150,
481,133820,화인베스틸,1609,1,91,5.99,59717233718,
482,134790,시디즈,19350,2,-50,-0.26,38700000000,
483,139990,아주스틸,3205,2,-40,-1.23,124211101870,
484,143210,핸즈코퍼레이션,1199,0,0,0.0,26229020653,
485,145210,다이나믹디자인,224,0,0,0.0,9461013632,
486,155660,DSR,4405,1,135,3.16,70480000000,
487,163560,동일고무벨트,7500,1,170,2.32,104250000000,
488,210540,디와이파워,14980,2,-10,-0.07,165404785840,
489,213500,한솔제지,8750,1,150,1.74,208255040000,
490,214330,금호에이치티,398,0,0,0.0,86782510980,
491,214390,경보제약,7150,1,40,0.56,170934049000,
492,214420,토니모리,6880,1,80,1.18,165497017120,
493,226320,잇츠한불,10280,2,-100,-0.96,225433358200,
494,227840,현대코퍼레이션홀딩스,12450,1,270,2.22,113305408200,
495,234080,JW생명과학,12780,1,300,2.4,202365600120,
496,248170,샘표식품,27700,1,600,2.21,126541522200,
497,264900,크라운제과,8640,1,200,2.37,108206064000,
498,267290,경동도시가스,22500,1,150,0.67,132646635000,
499,267850,아시아나IDT,10440,1,40,0.38,115884000000,
500,271980,제일약품,13230,1,190,1.46,194545456560,
501,272550,삼양패키징,11650,1,150,1.3,175546929900,
502,293480,하나제약,9490,1,260,2.82,168665257540,
503,298000,효성화학,38900,0,0,0.0,147501447900,
504,308170,씨티알모빌리티,5180,1,60,1.17,44599800000,
505,317400,자이에스앤디,4460,1,235,5.56,172970039200,
506,339770,교촌에프앤비,4225,1,60,1.44,211102463000,
507,363280,티와이홀딩스,2780,1,40,1.46,140193365040,
508,372910,한컴라이프케어,2395,1,55,2.35,66280202370,
509,378850,화승알앤에이,3385,1,25,0.74,64293413855,
510,446070,유니드비티플러스,3060,1,50,1.66,32470317900,
511,460850,동국씨엠,5590,1,120,2.19,167133487040,
512,462520,조선내화,14440,3,0,0.0,171188625920,
513,465770,STX그린로지스,6360,1,400,6.71,45607763520,
514,480370,씨케이솔루션,2060,1,102,5.21,66911700480,
515,487570,HS효성,54200,1,300,0.56,201945243400,
516,031440,신세계푸드,48100,1,300,0.63,186266288000,
517,031820,아이티센씨티에스,753,1,39,5.46,91151753898,
518,032560,황금에스티,6090,1,110,1.84,103530000000,
519,033250,체시스,997,1,22,2.26,31904000000,
520,033530,SJG세종,7500,1,260,3.59,208657207500,
521,034590,인천도시가스,26850,1,150,0.56,117462144900,
522,035000,HS애드,8360,1,120,1.46,135495903840,
523,036420,콘텐트리중앙,5890,2,-90,-1.51,113454994120,
524,036580,팜스코,3430,1,110,3.31,125976844490,
525,037560,LG헬로비전,2335,1,35,1.52,180838429775,
526,039570,HDC랩스,8140,1,40,0.49,211294872140,
527,041650,상신브레이크,2680,1,65,2.49,57543486000,
528,044380,주연테크,371,1,6,1.64,23922666922,
529,044820,코스맥스비티아이,17790,1,560,3.25,170853754590,
530,047400,유니온머티리얼,1642,1,44,2.75,68964000000,
531,049800,우진플라임,2570,2,-40,-1.53,51400000000,
532,051630,진양화학,2220,1,200,9.9,47064000000,
533,053210,스카이라이프,4875,1,145,3.07,231674405625,
534,055490,테이팩스,16870,1,380,2.3,80463995500,
535,058730,다스코,3855,1,10,0.26,76900391955,
536,058850,KTcs,2640,1,40,1.54,112688400000,
537,058860,KTis,2820,1,50,1.81,98141640000,
538,063160,종근당바이오,18940,1,270,1.45,103904120280,
539,067830,세이브존I&C,3060,1,70,2.34,125585138700,
540,068290,삼성출판사,9080,3,0,0.0,90800000000,
541,069460,대호에이엘,532,0,0,0.0,46322278464,
542,069640,한세엠케이,645,1,22,3.53,28900193790,
543,069730,DSR제강,5300,1,90,1.73,76320000000,
544,070960,모나용평,3050,3,0,0.0,146806665650,
545,071090,하이스틸,4220,2,-105,-2.43,85208007620,
546,071840,롯데하이마트,7810,1,70,0.9,184376230720,
547,071950,코아스,1560,1,102,7.0,19436344200,
548,072130,유엔젤,5600,1,200,3.7,72214542400,
549,074610,이엔플러스,5110,0,0,0.0,44815400070,
550,075180,새론오토모티브,3050,3,0,0.0,58560000000,
551,077500,유니퀘스트,6080,1,80,1.33,131328620160,
552,078000,텔코웨어,17700,1,1120,6.76,163549362900,
553,079430,현대리바트,7240,1,110,1.54,148675441680,
554,079980,휴비스,3180,1,25,0.79,109710000000,
555,081000,일진다이아,13390,1,340,2.61,190177835250,
556,083420,그린케미칼,5880,1,90,1.55,141120000000,
557,084670,동양고속,41000,1,650,1.61,118718329000,
558,084870,TBH글로벌,2070,2,-45,-2.13,43173615330,
559,085310,엔케이,1160,1,48,4.32,91501173520,
560,088790,진도,2605,2,-20,-0.76,32426373120,
561,089470,HDC현대EP,5120,1,140,2.81,163328000000,
562,090080,평화산업,972,1,25,2.64,53364995748,
563,090350,노루페인트,8700,1,270,3.2,174000000000,
564,090370,메타랩스,1409,1,5,0.36,35090706801,
565,092440,기신정기,2250,1,50,2.27,65700000000,
566,092780,DYP,4440,1,40,0.91,58467962400,
567,093240,형지엘리트,1003,1,39,4.05,61574429777,
568,094280,효성ITX,12390,1,20,0.16,143206098000,
569,095570,AJ네트웍스,5130,1,50,0.98,232146653670,
570,095720,웅진씽크빅,1120,1,41,3.8,129366703200,
571,100220,비상교육,6250,1,310,5.22,81229631250,
572,100250,진양홀딩스,3045,3,0,0.0,194575500000,
573,101140,인바이오젠,8710,2,-70,-0.8,87485121360,
574,101530,해태제과식품,6710,1,260,4.03,195373875620,
575,102260,동성케미컬,4310,1,130,3.11,216261969210,
576,102460,이연제약,9900,1,20,0.2,184009428900,
577,107590,미원홀딩스,65000,1,200,0.31,150800000000,
578,109070,주성코퍼레이션,1368,1,148,12.13,72244394640,
579,111110,호전실업,7380,1,80,1.1,69194880000,
580,012690,모나리자,2255,1,35,1.58,82468180025,
581,012800,대창,1534,1,71,4.85,139809525466,
582,013000,세우글로벌,1226,1,27,2.25,35192368006,
583,013360,일성건설,2130,2,-10,-0.47,115072994400,
584,013520,화승코퍼레이션,2885,1,90,3.22,144397862020,
585,013570,디와이,4955,1,35,0.71,130413781515,
586,013700,까뮤이앤씨,1364,1,10,0.74,81500132120,
587,013870,지엠비코리아,4960,1,15,0.3,94598508800,
588,014130,한익스프레스,2700,1,70,2.66,32400000000,
589,014160,대영포장,1207,1,36,3.07,130832220643,
590,014280,금강공업,5310,1,190,3.71,155738885670,
591,014440,영보화학,4625,1,50,1.09,92500000000,
592,014530,극동유화,3940,1,100,2.6,137385514800,
593,014580,태경비케이,4545,1,125,2.83,125365189500,
594,014710,사조씨푸드,7570,1,200,2.71,130344370510,
595,014790,HL D&I,3530,1,70,2.02,133640861530,
596,014910,성문전자,1701,1,46,2.78,38206135485,
597,014990,인디에프,783,1,5,0.64,58813475085,
598,015020,이스타코,464,0,0,0.0,19883142400,
599,015230,대창단조,6930,1,30,0.43,198005553900,
600,015260,에이엔피,630,1,6,0.96,29683643220,
601,015590,DKME,515,0,0,0.0,122045495160,
602,015890,태경산업,5010,1,100,2.04,146436037500,
603,016090,대현,1724,1,11,0.64,76342702440,
604,016450,한세예스24홀딩스,4355,1,55,1.28,174200000000,
605,016580,환인제약,10370,1,140,1.37,192882725900,
606,016710,대성홀딩스,8510,1,100,1.19,136921296090,
607,016740,두올,4625,1,70,1.54,132617361000,
608,016880,웅진,2675,1,10,0.38,213804939000,
609,017040,광명전기,932,0,0,0.0,40390657180,
610,017180,명문제약,1810,1,27,1.51,61455751740,
611,017370,우신시스템,5830,1,110,1.92,106770934820,
612,017550,수산세보틱스,3030,1,85,2.89,189069363900,
613,018470,조일알미늄,1514,2,-1,-0.07,191720425594,
614,018500,동원금속,1631,1,60,3.82,76257295723,
615,019180,티에이치엔,7270,1,270,3.86,130860000000,
616,019490,엑시큐어하이트론,541,0,0,0.0,41349858070,
617,019680,대교,1527,2,-7,-0.46,129341251950,
618,020120,키다리스튜디오,3620,1,280,8.38,134170832920,
619,020760,일진디스플,902,0,0,0.0,46465394382,
620,021050,서원,1281,1,36,2.89,60814949790,
621,021820,세원정공,14630,1,420,2.96,146300000000,
622,023000,삼원강재,2315,1,30,1.31,92600000000,
623,023150,MH에탄올,4610,2,-40,-0.86,34015004860,
624,023350,한국종합기술,4990,1,110,2.25,54640500000,
625,023450,동남합성,30400,1,150,0.5,106400000000,
626,023800,인지컨트롤스,7490,1,650,9.5,118410885530,
627,023810,인팩,8000,1,230,2.96,80000000000,
628,023960,에쓰씨엔지니어링,1404,2,-10,-0.71,53402508900,
629,024070,WISCOM,2025,1,39,1.96,31036036950,
630,024090,디씨엠,12430,1,30,0.24,141702000000,
631,024890,대원화성,777,1,7,0.91,32050591104,
632,024900,디와이덕양,2150,1,150,7.5,70014707000,
633,025000,KPX케미칼,51100,1,1100,2.2,223752029900,
634,025530,SJM홀딩스,3630,1,15,0.41,54210449040,
635,025560,미래산업,13610,1,360,2.72,61008920940,
636,025620,차AI헬스케어,9500,1,50,0.53,172937743500,
637,025750,한솔홈데코,539,0,0,0.0,43424615311,
638,025820,이구산업,5230,1,170,3.36,174901660000,
639,025890,한국주강,2005,1,47,2.4,22675064295,
640,026940,부국철강,2680,1,5,0.19,53600000000,
641,027740,마니커,806,2,-2,-0.25,51190049768,
642,027970,한국제지,795,2,-4,-0.5,151191698415,
643,030720,동원수산,6190,1,150,2.48,28807052950,
644,006880,신송홀딩스,7490,1,340,4.76,88598146420,
645,006890,태경케미컬,8560,1,170,2.03,99296000000,
646,006980,우성,23000,2,-550,-2.34,71070000000,
647,007110,일신석재,1627,1,42,2.65,126021904470,
648,007120,미래아이앤지,1860,1,74,4.14,53714210880,
649,007210,벽산,2065,1,222,12.05,134968400000,
650,007280,한국특강,1516,1,26,1.74,92192979476,
651,007460,에이프로젠,317,1,16,5.32,104389694510,
652,007540,샘표,53700,1,800,1.51,154430460000,
653,007570,일양약품,11840,2,-310,-2.55,225974261760,
654,007590,동방아그로,5950,1,40,0.68,81024583150,
655,007610,선도전기,3000,0,0,0.0,54000000000,
656,007860,서연,9290,1,170,1.86,218127750760,
657,007980,TP,1870,1,44,2.41,95697493100,
658,008040,사조동아원,1015,1,8,0.79,143261769000,
659,008250,이건산업,4060,1,60,1.5,44467698100,
660,008260,NI스틸,3820,1,5,0.13,109252446940,
661,008420,문배철강,2440,2,-20,-0.81,50028552200,
662,008490,서흥,17860,1,40,0.22,206624358180,
663,008500,일정실업,2790,1,145,5.48,16740000000,
664,008600,윌비스,2620,0,0,0.0,17615839860,
665,008700,아남전자,1522,1,56,3.82,117383976040,
666,008870,금비,45300,1,200,0.44,45300000000,
667,008970,KBI동양철관,1972,2,-26,-1.3,204628340604,
668,009070,KCTC,6240,1,350,5.94,187200000000,
669,009140,경인전자,22700,2,-100,-0.44,35657091900,
670,009180,한솔로지스틱스,3210,1,175,5.77,90380198250,
671,009190,대양금속,1395,1,12,0.87,60253711875,
672,009200,무림페이퍼,2070,1,60,2.99,86131271700,
673,009270,신원,1422,1,35,2.52,163203498846,
674,009310,참엔지니어링,1065,0,0,0.0,23307603810,
675,009320,아진전자부품,997,2,-2,-0.2,49151870690,
676,009440,KC그린홀딩스,756,0,0,0.0,17568790596,
677,009460,한창제지,540,1,3,0.56,32220442440,
678,009580,무림P&P,2715,1,95,3.63,169329999660,
679,009680,모토닉,10700,1,110,1.04,232544105800,
680,009770,삼정펄프,31950,1,550,1.75,79874073450,
681,009810,플레이그램,1059,2,-18,-1.67,32169772500,
682,010040,한국내화,1985,2,-15,-0.75,81518118070,
683,010100,한국무브넥스,4425,1,110,2.55,134743108500,
684,010400,우진아이엔에스,3815,2,-5,-0.13,29077930000,
685,010580,에스엠벡셀,2070,1,15,0.73,230291143200,
686,010640,진양폴리,2340,1,90,4.0,39078000000,
687,010660,화천기계,5630,1,280,5.23,123860000000,
688,010770,평화홀딩스,3785,1,65,1.75,55357388810,
689,010960,삼호개발,3975,1,80,2.05,95877000000,
690,011000,진원생명과학,710,1,11,1.57,64526863970,
691,011090,에넥스,419,1,6,1.45,25136497579,
692,011150,CJ씨푸드,2725,1,50,1.87,97911356425,
693,011230,삼화전자,2570,1,55,2.19,49256067450,
694,011280,태림포장,2150,1,135,6.7,152232771000,
695,011300,성안머티리얼스,354,1,39,12.38,56131591926,
696,011330,유니켐,650,1,7,1.09,58622094050,
697,011390,부산산업,76600,1,2000,2.68,80889600000,
698,011420,갤럭시아에스엠,1817,1,62,3.53,50057703148,
699,011690,와이투솔루션,5590,1,190,3.52,205177562460,
700,011700,한신기계,4375,1,85,1.98,141951910625,
701,011810,STX,3530,0,0,0.0,109493282310,
702,012160,영흥,512,1,8,1.59,51870910464,
703,012170,아센디오,1291,1,23,1.81,25036745136,
704,012200,계양전기,6320,1,20,0.32,172048279280,
705,012280,영화금속,1071,1,46,4.49,55332684855,
706,012320,경동인베스트,58000,1,1400,2.47,137171334000,
707,012610,경인양행,4080,1,80,2.0,169794769200,
708,002820,SUN&L,2365,2,-10,-0.42,29817893985,
709,002870,신풍,1141,1,9,0.8,39887876700,
710,002880,대유에이텍,899,2,-7,-0.77,42049821505,
711,002920,유성기업,1801,2,-5,-0.28,46731447500,
712,002990,금호건설,5350,1,60,1.13,197932666000,
713,003010,혜인,6050,1,100,1.68,76912119350,
714,003060,에이프로젠바이오로직스,251,1,12,5.02,49800369095,
715,003080,SB성보,2625,3,0,0.0,52552500000,
716,003220,대원제약,10300,1,70,0.68,231004104900,
717,003350,한국화장품제조,48200,1,3500,7.83,218442400000,
718,003460,유화증권,3420,1,55,1.63,193922259300,
719,003480,한진중공업홀딩스,4860,1,60,1.25,143514886320,
720,003580,HLB글로벌,2115,1,45,2.17,107153313075,
721,003610,방림,5210,1,80,1.56,209453243180,
722,003650,미창석유,117200,1,1400,1.21,203889558400,
723,003680,한성기업,5110,1,40,0.79,31730621650,
724,003780,진양산업,5840,1,330,5.99,75920000000,
725,003830,대한화섬,124600,1,1400,1.14,165468800000,
726,004060,SG세계물산,489,1,29,6.3,98985805440,
727,004080,신흥,14020,1,40,0.29,131788000000,
728,004090,한국석유,16000,1,330,2.11,203105920000,
729,004100,태양금속,3345,1,350,11.69,122761500000,
730,004140,동방,2925,1,215,7.93,140317415550,
731,004150,한솔홀딩스,3375,1,125,3.85,138464842500,
732,004250,NPC,3950,1,50,1.28,145044000000,
733,004270,남성,753,1,13,1.76,27267756480,
734,004410,서울식품,170,2,-1,-0.58,67073523120,
735,004430,송원산업,9600,1,410,4.46,230400000000,
736,004440,삼일씨엔에스,8000,2,-20,-0.25,101855576000,
737,004450,삼화왕관,27750,1,100,0.36,59784017250,
738,004540,깨끗한나라,2085,1,10,0.48,77646844905,
739,004560,현대비앤지스틸,15330,1,100,0.66,231158172630,
740,004710,한솔테크닉스,5010,1,80,1.62,159267288780,
741,004720,팜젠사이언스,3755,1,105,2.88,82439155010,
742,004770,써니전자,1788,1,52,3.0,63487299144,
743,004830,덕성,4570,1,185,4.22,71657600000,
744,004840,DRB동일,5280,1,90,1.73,105230400000,
745,004870,티웨이홀딩스,329,1,11,3.46,37230789526,
746,004890,동일산업,37600,3,0,0.0,91188084000,
747,004910,조광페인트,4935,1,155,3.24,63168000000,
748,004920,씨아이테크,1116,1,50,4.69,58232737152,
749,004960,한신공영,16630,1,560,3.48,192420774260,
750,004970,신라교역,9710,1,190,2.0,155360000000,
751,005030,부산주공,486,0,0,0.0,45092532168,
752,005110,한창,1254,0,0,0.0,26467434378,
753,005320,온타이드,517,1,9,1.77,35350231730,
754,005360,모나미,1670,3,0,0.0,31558502690,
755,005430,한국공항,58500,1,900,1.56,185231767500,
756,005740,크라운해태홀딩스,6770,1,120,1.8,100516539190,
757,005750,대림바스,5860,1,280,5.02,97699326400,
758,005800,신영와코루,15120,1,130,0.87,136080000000,
759,005820,원림,15460,1,10,0.06,35526616200,
760,005870,휴니드,8810,1,180,2.09,124362092150,
761,005950,이수화학,8090,1,110,1.38,212719827210,
762,005960,동부건설,9290,1,40,0.43,213174499270,
763,006060,화승인더,3520,1,155,4.61,194726400000,
764,006090,사조오양,8290,1,60,0.73,78114506310,
765,006200,한국전자홀딩스,807,1,10,1.25,37770130752,
766,006370,대구백화점,5600,2,-90,-1.58,60601021600,
767,006490,인스코비,520,1,15,2.97,65460780840,
768,006570,대림통상,2010,2,-10,-0.5,30602250000,
769,006660,삼성공조,11830,1,250,2.16,96134294620,
770,006740,블루산업개발,551,1,3,0.55,31393548988,
771,006840,AK홀딩스,8480,1,150,1.8,112339317280,
772,140910,에이리츠,3130,0,0,0.0,13969290160,
773,145270,케이탑리츠,911,1,1,0.11,43783365114,
774,204210,스타에스엠리츠,2035,0,0,0.0,15927568525,
775,338100,NH프라임리츠,4765,1,30,0.63,88914900000,
776,350520,이지스레지던스리츠,3970,1,35,0.89,146358821940,
777,357250,미래에셋맵스리츠,2425,1,30,1.25,60613129625,
778,357430,마스턴프리미어리츠,1427,1,2,0.14,43531073089,
779,396690,미래에셋글로벌리츠,2365,1,5,0.21,93668048100,
780,400760,NH올원리츠,3365,1,50,1.51,184837010375,
781,432320,KB스타리츠,2285,1,35,1.56,231731641225,
782,481850,신한글로벌액티브리츠,1116,3,0,0.0,48521073024,
783,000020,동화약품,5880,1,70,1.2,164237043600,
784,000040,KR모터스,430,2,-7,-1.6,37141329120,
785,000140,하이트진로홀딩스,9180,1,70,0.77,213038102700,
786,000180,성창기업지주,1440,0,0,0.0,100442304000,
787,000220,유유제약,4215,1,90,2.18,71791359465,
788,000230,일동홀딩스,9950,1,150,1.53,114826980000,
789,000300,DH오토넥스,4200,0,0,0.0,174035631000,
790,000520,삼일제약,9580,1,190,2.02,207807549380,
791,000590,CS홀딩스,77000,1,200,0.26,88895114000,
792,000700,유수홀딩스,6500,1,400,6.56,169271778000,
793,000760,이화산업,15220,1,90,0.59,42616000000,
794,000850,화천기공,36200,1,450,1.26,79640000000,
795,000860,강남제비스코,13990,1,350,2.57,181870000000,
796,000890,보해양조,430,1,11,2.63,59391655470,
797,000910,유니온,4330,1,95,2.24,67598310270,
798,000950,전방,33900,2,-300,-0.88,56952000000,
799,000970,한국주철관,7030,1,50,0.72,160287515000,
800,001020,페이퍼코리아,623,2,-24,-3.71,110883603999,
801,001070,대한방직,6730,1,60,0.9,35669000000,
802,001080,만호제강,5200,1,140,2.77,215800000000,
803,001210,금호전기,875,1,72,8.97,54145072625,
804,001260,남광토건,10750,1,1450,15.59,105700149000,
805,001290,상상인증권,1094,1,6,0.55,118520809280,
806,001360,삼성제약,1807,2,-14,-0.77,170150876753,
807,001380,SG글로벌,1098,0,0,0.0,49370629014,
808,001420,태원물산,2995,1,55,1.87,22762000000,
809,001470,삼부토건,347,0,0,0.0,79699592928,
810,001520,동양,783,1,14,1.82,186889621329,
811,001550,조비,15030,1,310,2.11,78039352170,
812,001560,제일연마,11130,1,200,1.83,109074000000,
813,001620,케이비아이동국실업,652,1,23,3.66,72563056212,
814,001770,SHD,16310,2,-220,-1.33,19814660180,
815,002070,비비안,353,2,-22,-5.87,15954215181,
816,002100,경농,9840,1,140,1.44,192102138000,
817,002140,고려산업,2790,1,70,2.57,69580995750,
818,002170,삼양통상,59000,2,-800,-1.34,177000000000,
819,002200,한국수출포장,2825,1,25,0.89,113000000000,
820,002210,동성제약,973,0,0,0.0,25900780311,
821,002220,한일철강,4200,1,45,1.08,112129332000,
822,002360,SH에너지화학,422,1,13,3.18,46898434060,
823,002390,한독,10410,1,40,0.39,143278378530,
824,002410,범양건영,1935,0,0,0.0,53173451700,
825,002420,세기상사,5120,1,30,0.59,30566133760,
826,002450,삼익악기,1215,1,33,2.79,109995061725,
827,002460,HS화성,12680,1,260,2.09,128702000000,
828,002600,조흥,143100,1,400,0.28,85860000000,
829,002620,제일파마홀딩스,8150,1,140,1.75,130182843250,
830,002630,오리엔트바이오,552,1,5,0.91,65457818760,
831,002690,동일제강,1701,2,-69,-3.9,34530912360,
832,002700,신일전자,1387,1,11,0.8,97155911627,
833,002720,국제약품,4855,1,25,0.52,102730984360,
834,002760,보락,1139,1,2,0.18,68226100000,
835,002780,진흥기업,1000,1,5,0.5,145471745000,
